"IN_STORE_ID","IN_PRODUCT_ID","TRANSACTION_ID","v_QTY","v_DISCOUNT","v_DATE","PRODUCT_NAME","CATEGORY","BRAND","GROSS_SALES","TOTAL_DISCOUNT","NET_SALES"
"101","P_047","100453",4,15,"04/01/2024","Product 047","Grocery","BrandC",7991,770,7222
"107","P_009","111090",1,10,"04/02/2024","Product 009","Clothing","BrandC",20229,1502,18727
"104","P_020","111071",5,10,"04/03/2024","Product 020","Home","BrandB",17024,1926,15093
"105","P_016","111065",2,5,"04/04/2024","Product 016","Grocery","BrandB",25659,3624,22032
"107","P_041","111082",1,20,"04/05/2024","Product 041","Home","BrandB",17034,1422,15611
"101","P_028","110944",1,20,"04/06/2024","Product 028","Grocery","BrandB",23855,2133,21720
"106","P_021","111084",5,15,"04/07/2024","Product 021","Grocery","BrandD",25156,3236,21921
"107","P_014","111028",3,20,"04/08/2024","Product 014","Grocery","BrandD",33061,2172,30890
"105","P_006","111094",4,15,"04/09/2024","Product 006","Grocery","BrandA",17912,2307,15604
"103","P_001","111070",1,20,"04/10/2024","Product 001","Home","BrandD",12342,1163,11178
"102","P_036","110994",3,20,"04/11/2024","Product 036","Sports","BrandD",17075,1578,15494
"102","P_017","110974",5,15,"04/12/2024","Product 017","Home","BrandB",20312,2316,18000
"103","P_039","111066",1,10,"04/13/2024","Product 039","Electronics","BrandD",16024,1693,14334
"102","P_033","111097",2,20,"04/14/2024","Product 033","Home","BrandC",23559,2503,21056
"106","P_017","111005",5,15,"04/15/2024","Product 017","Home","BrandB",23954,2867,21092
"102","P_014","100437",3,15,"04/16/2024","Product 014","Grocery","BrandD",19186,2119,17072
"107","P_049","111095",4,20,"04/17/2024","Product 049","Grocery","BrandD",14949,1274,13673
"104","P_028","111067",2,10,"04/18/2024","Product 028","Grocery","BrandB",23769,2301,21467
"107","P_036","111086",1,20,"04/19/2024","Product 036","Sports","BrandD",20921,2327,18592
"105","P_004","110908",5,15,"04/20/2024","Product 004","Sports","BrandC",22123,3038,19083
"107","P_050","111077",4,20,"04/21/2024","Product 050","Home","BrandB",18166,2281,15884
"107","P_025","111091",3,20,"04/22/2024","Product 025","Electronics","BrandB",26621,3237,23385
"104","P_020","110942",4,5,"04/23/2024","Product 020","Home","BrandB",13720,1358,12359
"103","P_029","111098",3,0,"04/24/2024","Product 029","Home","BrandB",15529,1597,13936
"103","P_019","111041",4,20,"04/25/2024","Product 019","Electronics","BrandB",16155,1062,15091
"107","P_028","100445",1,15,"04/26/2024","Product 028","Grocery","BrandB",16406,1329,15076
"107","P_036","111088",5,20,"04/27/2024","Product 036","Sports","BrandD",28504,2379,26128
"102","P_044","111057",2,0,"04/28/2024","Product 044","Grocery","BrandD",13737,1639,12098
"103","P_019","100431",1,10,"04/29/2024","Product 019","Electronics","BrandB",18593,2044,16547
"105","P_016","111019",4,5,"04/30/2024","Product 016","Grocery","BrandB",21983,1491,20492
"105","P_035","111509",1,10,"05/01/2024","Product 035","Clothing","BrandC",14186,1171,13015
"107","P_045","111544",2,0,"05/02/2024","Product 045","Grocery","BrandA",17145,1800,15345
"103","P_022","111530",2,10,"05/03/2024","Product 022","Sports","BrandB",13792,1545,12249
"101","P_002","111537",1,20,"05/04/2024","Product 002","Sports","BrandC",18428,1575,16849
"108","P_010","111533",1,10,"05/05/2024","Product 010","Sports","BrandB",12496,1349,11149
"103","P_009","111522",3,0,"05/06/2024","Product 009","Clothing","BrandC",7071,824,6246
"103","P_039","111528",2,5,"05/07/2024","Product 039","Electronics","BrandD",12724,1635,11093
"102","P_016","111495",1,20,"05/08/2024","Product 016","Grocery","BrandB",23171,2638,20532
"108","P_037","111487",3,5,"05/09/2024","Product 037","Clothing","BrandB",9857,646,9213
"108","P_028","100731",3,0,"05/10/2024","Product 028","Grocery","BrandB",20011,1857,18155
"107","P_003","111539",3,15,"05/11/2024","Product 003","Clothing","BrandD",9579,1177,8400
"105","P_048","111531",1,20,"05/12/2024","Product 048","Sports","BrandA",11019,776,10244
"102","P_031","100651",3,10,"05/13/2024","Product 031","Clothing","BrandD",25388,2804,22583
"108","P_020","100780",3,0,"05/14/2024","Product 020","Home","BrandB",26264,3206,23063
"102","P_039","100727",5,15,"05/15/2024","Product 039","Electronics","BrandD",28667,3068,25593
"105","P_015","100714",1,10,"05/16/2024","Product 015","Home","BrandD",15752,1635,14114
"101","P_015","111517",4,0,"05/17/2024","Product 015","Home","BrandD",15918,789,15129
"107","P_006","111508",1,20,"05/18/2024","Product 006","Grocery","BrandA",18751,2202,16551
"104","P_018","111516",1,10,"05/19/2024","Product 018","Sports","BrandB",15589,1691,13900
"104","P_043","111538",3,5,"05/20/2024","Product 043","Home","BrandA",24002,3011,20990
"102","P_012","100855",5,5,"05/21/2024","Product 012","Clothing","BrandD",21553,1877,19674
"108","P_045","111542",3,10,"05/22/2024","Product 045","Grocery","BrandA",10094,812,9283
"101","P_017","111512",5,5,"05/23/2024","Product 017","Home","BrandB",20852,2059,18792
"104","P_046","100799",1,15,"05/24/2024","Product 046","Electronics","BrandB",15204,1501,13708
"104","P_032","111466",4,5,"05/25/2024","Product 032","Home","BrandB",14749,1490,13259
"103","P_007","111543",5,5,"05/26/2024","Product 007","Clothing","BrandD",31987,3104,28874
"104","P_008","111521",2,15,"05/27/2024","Product 008","Clothing","BrandC",14581,1840,12742
"108","P_036","111447",2,5,"05/28/2024","Product 036","Sports","BrandD",8892,1040,7852
"107","P_004","111483",5,5,"05/29/2024","Product 004","Sports","BrandC",21496,2189,19311
"104","P_039","111524",4,0,"05/30/2024","Product 039","Electronics","BrandD",12378,1165,11216
"102","P_042","111526",4,15,"05/31/2024","Product 042","Electronics","BrandD",22375,2274,20103
"106","P_001","112014",1,10,"06/01/2024","Product 001","Home","BrandD",18311,1699,16614
"101","P_012","112005",2,20,"06/02/2024","Product 012","Clothing","BrandD",9864,883,8981
"104","P_010","111998",5,15,"06/03/2024","Product 010","Sports","BrandB",22945,1909,21040
"107","P_050","111980",4,0,"06/04/2024","Product 050","Home","BrandB",29905,2448,27454
"103","P_002","111950",1,20,"06/05/2024","Product 002","Sports","BrandC",19173,2041,17130
"103","P_042","111964",1,10,"06/06/2024","Product 042","Electronics","BrandD",20815,1985,18831
"106","P_031","112013",3,10,"06/07/2024","Product 031","Clothing","BrandD",38263,4449,33819
"108","P_026","111938",3,5,"06/08/2024","Product 026","Clothing","BrandB",11102,1170,9931
"107","P_007","101223",1,20,"06/09/2024","Product 007","Clothing","BrandD",15879,1469,14413
"105","P_009","100955",2,5,"06/10/2024","Product 009","Clothing","BrandC",23670,2043,21624
"106","P_016","112011",3,20,"06/11/2024","Product 016","Grocery","BrandB",17482,1623,15856
"103","P_026","111974",5,10,"06/12/2024","Product 026","Clothing","BrandB",20823,2274,18552
"108","P_029","111997",2,10,"06/13/2024","Product 029","Home","BrandB",20359,1636,18726
"106","P_004","112002",3,5,"06/14/2024","Product 004","Sports","BrandC",22201,2125,20071
"103","P_027","111977",4,5,"06/15/2024","Product 027","Clothing","BrandD",15204,1572,13635
"108","P_035","112010",2,5,"06/16/2024","Product 035","Clothing","BrandC",18799,1848,16950
"106","P_008","111983",2,5,"06/17/2024","Product 008","Clothing","BrandC",14911,2047,12864
"106","P_042","111956",1,15,"06/18/2024","Product 042","Electronics","BrandD",17130,1409,15726
"101","P_022","111990",4,15,"06/19/2024","Product 022","Sports","BrandB",25288,2701,22584
"108","P_022","112006",5,10,"06/20/2024","Product 022","Sports","BrandB",15555,939,14619
"102","P_012","112016",1,0,"06/21/2024","Product 012","Clothing","BrandD",18922,1320,17600
"104","P_017","111969",4,10,"06/22/2024","Product 017","Home","BrandB",20343,1592,18751
"101","P_022","111994",2,5,"06/23/2024","Product 022","Sports","BrandB",11681,939,10739
"101","P_047","112015",1,10,"06/24/2024","Product 047","Grocery","BrandC",17096,1964,15132
"107","P_049","112012",1,0,"06/25/2024","Product 049","Grocery","BrandD",10128,914,9215
"101","P_016","112017",5,20,"06/26/2024","Product 016","Grocery","BrandB",22723,1898,20826
"106","P_050","101005",3,20,"06/27/2024","Product 050","Home","BrandB",14647,1161,13488
"107","P_021","112003",3,0,"06/28/2024","Product 021","Grocery","BrandD",18179,995,17183
"105","P_013","101320",1,10,"06/29/2024","Product 013","Sports","BrandB",21943,2031,19913
"105","P_026","112004",1,20,"06/30/2024","Product 026","Clothing","BrandB",15544,1194,14347
"107","P_020","101798",3,0,"07/01/2024","Product 020","Home","BrandB",24832,1854,22977
"105","P_009","112421",5,20,"07/02/2024","Product 009","Clothing","BrandC",16542,1608,14934
"104","P_044","112411",5,0,"07/03/2024","Product 044","Grocery","BrandD",16857,1887,14969
"106","P_016","112407",4,20,"07/04/2024","Product 016","Grocery","BrandB",16484,1097,15386
"102","P_005","112392",1,10,"07/05/2024","Product 005","Sports","BrandD",13066,1471,11596
"106","P_030","112391",4,10,"07/06/2024","Product 030","Home","BrandB",5692,717,4976
"104","P_045","112417",1,10,"07/07/2024","Product 045","Grocery","BrandA",13735,1836,11896
"107","P_018","112436",4,20,"07/08/2024","Product 018","Sports","BrandB",19720,2631,17090
"104","P_006","112433",4,20,"07/09/2024","Product 006","Grocery","BrandA",19553,1967,17586
"101","P_043","101584",1,20,"07/10/2024","Product 043","Home","BrandA",13077,1709,11369
"108","P_003","101486",3,5,"07/11/2024","Product 003","Clothing","BrandD",7150,957,6194
"103","P_030","112435",5,20,"07/12/2024","Product 030","Home","BrandB",17951,1702,16251
"102","P_019","101671",2,10,"07/13/2024","Product 019","Electronics","BrandB",28236,2845,25395
"103","P_036","101652",4,15,"07/14/2024","Product 036","Sports","BrandD",11012,941,10071
"108","P_004","112332",2,15,"07/15/2024","Product 004","Sports","BrandC",17532,1916,15613
"101","P_040","101793",3,5,"07/16/2024","Product 040","Grocery","BrandA",18715,1782,16933
"104","P_006","101438",3,10,"07/17/2024","Product 006","Grocery","BrandA",17417,1626,15794
"108","P_041","112365",4,0,"07/18/2024","Product 041","Home","BrandB",12543,855,11691
"106","P_026","112424",1,15,"07/19/2024","Product 026","Clothing","BrandB",7948,993,6954
"101","P_024","112388",5,15,"07/20/2024","Product 024","Electronics","BrandC",20877,2012,18865
"102","P_041","112412",1,0,"07/21/2024","Product 041","Home","BrandB",14821,1095,13723
"106","P_032","112418",2,10,"07/22/2024","Product 032","Home","BrandB",24935,2610,22325
"103","P_005","112426",1,10,"07/23/2024","Product 005","Sports","BrandD",14938,1646,13293
"105","P_034","112271",5,0,"07/24/2024","Product 034","Electronics","BrandD",10343,515,9828
"108","P_046","112419",1,0,"07/25/2024","Product 046","Electronics","BrandB",23021,2254,20769
"107","P_039","101718",5,15,"07/26/2024","Product 039","Electronics","BrandD",14288,1825,12459
"106","P_002","101758",1,15,"07/27/2024","Product 002","Sports","BrandC",23856,2633,21223
"103","P_004","101744",1,20,"07/28/2024","Product 004","Sports","BrandC",9166,837,8328
"101","P_044","112348",1,10,"07/29/2024","Product 044","Grocery","BrandD",14803,1200,13604
"101","P_014","112406",2,0,"07/30/2024","Product 014","Grocery","BrandD",12636,1403,11233
"106","P_033","101457",4,5,"07/31/2024","Product 033","Home","BrandC",21614,2656,18958
"104","P_013","102258",2,0,"08/01/2024","Product 013","Sports","BrandB",18519,1928,16592
"107","P_047","112859",1,0,"08/02/2024","Product 047","Grocery","BrandC",11468,1440,10029
"107","P_031","101836",5,0,"08/03/2024","Product 031","Clothing","BrandD",24302,1823,22481
"105","P_041","112873",2,20,"08/04/2024","Product 041","Home","BrandB",21453,2509,18945
"104","P_017","112825",5,15,"08/05/2024","Product 017","Home","BrandB",17460,2155,15307
"103","P_020","112861",3,0,"08/06/2024","Product 020","Home","BrandB",12334,1109,11225
"105","P_043","112831",3,15,"08/07/2024","Product 043","Home","BrandA",14874,1254,13619
"105","P_021","112875",1,0,"08/08/2024","Product 021","Grocery","BrandD",11496,1126,10369
"102","P_021","112874",2,10,"08/09/2024","Product 021","Grocery","BrandD",18037,1457,16580
"103","P_004","112865",5,15,"08/10/2024","Product 004","Sports","BrandC",14319,1567,12751
"102","P_048","102160",1,0,"08/11/2024","Product 048","Sports","BrandA",16025,1833,14190
"105","P_003","101990",5,5,"08/12/2024","Product 003","Clothing","BrandD",6720,525,6195
"105","P_027","112793",3,5,"08/13/2024","Product 027","Clothing","BrandD",13087,1665,11422
"105","P_002","112851",4,15,"08/14/2024","Product 002","Sports","BrandC",14055,1341,12713
"102","P_040","112871",3,10,"08/15/2024","Product 040","Grocery","BrandA",17948,2156,15792
"103","P_030","112778",2,10,"08/16/2024","Product 030","Home","BrandB",13540,1098,12445
"103","P_048","112869",5,15,"08/17/2024","Product 048","Sports","BrandA",15944,1425,14522
"108","P_024","112841",4,20,"08/18/2024","Product 024","Electronics","BrandC",18472,2077,16393
"107","P_026","112795",2,5,"08/19/2024","Product 026","Clothing","BrandB",7161,554,6606
"102","P_001","112846",4,10,"08/20/2024","Product 001","Home","BrandD",24389,2980,21409
"103","P_018","101890",5,10,"08/21/2024","Product 018","Sports","BrandB",34263,3382,30877
"105","P_031","112837",4,15,"08/22/2024","Product 031","Clothing","BrandD",12549,1400,11144
"102","P_001","112868",1,0,"08/23/2024","Product 001","Home","BrandD",19933,1374,18559
"104","P_047","112852",3,15,"08/24/2024","Product 047","Grocery","BrandC",14696,1537,13165
"103","P_039","112866",4,5,"08/25/2024","Product 039","Electronics","BrandD",21073,2642,18434
"107","P_047","112876",2,5,"08/26/2024","Product 047","Grocery","BrandC",22174,2777,19397
"104","P_018","112867",2,5,"08/27/2024","Product 018","Sports","BrandB",28100,2767,25332
"104","P_001","112827",1,5,"08/28/2024","Product 001","Home","BrandD",22405,2507,19899
"106","P_048","112860",4,20,"08/29/2024","Product 048","Sports","BrandA",14392,2368,12023
"103","P_026","112877",4,20,"08/30/2024","Product 026","Clothing","BrandB",11147,679,10465
"101","P_030","112870",5,15,"08/31/2024","Product 030","Home","BrandB",14294,1424,12869
"102","P_007","102569",5,20,"09/01/2024","Product 007","Clothing","BrandD",15979,1472,14506
"103","P_002","113180",3,0,"09/02/2024","Product 002","Sports","BrandC",7157,787,6369
"101","P_042","113217",5,10,"09/03/2024","Product 042","Electronics","BrandD",17761,1412,16348
"106","P_017","102498",2,15,"09/04/2024","Product 017","Home","BrandB",6734,639,6095
"105","P_025","102514",2,10,"09/05/2024","Product 025","Electronics","BrandB",9790,832,8957
"104","P_029","113191",4,0,"09/06/2024","Product 029","Home","BrandB",14864,1392,13472
"108","P_022","113229",3,20,"09/07/2024","Product 022","Sports","BrandB",15506,1445,14064
"108","P_034","113192",2,0,"09/08/2024","Product 034","Electronics","BrandD",8984,947,8037
"107","P_016","113173",2,0,"09/09/2024","Product 016","Grocery","BrandB",11813,1232,10581
"101","P_043","113056",3,20,"09/10/2024","Product 043","Home","BrandA",8134,669,7465
"102","P_013","102505",4,5,"09/11/2024","Product 013","Sports","BrandB",21216,2445,18769
"104","P_014","102411",2,20,"09/12/2024","Product 014","Grocery","BrandD",18529,2324,16202
"104","P_037","113206",5,0,"09/13/2024","Product 037","Clothing","BrandB",21720,2152,19570
"102","P_022","102591",4,10,"09/14/2024","Product 022","Sports","BrandB",13402,1092,12307
"108","P_013","102462",1,20,"09/15/2024","Product 013","Sports","BrandB",34174,3931,30244
"107","P_006","113140",2,10,"09/16/2024","Product 006","Grocery","BrandA",14640,1143,13502
"107","P_032","113223",4,5,"09/17/2024","Product 032","Home","BrandB",20899,1797,19101
"108","P_023","113227",3,5,"09/18/2024","Product 023","Home","BrandA",15492,2059,13433
"107","P_024","113221",5,20,"09/19/2024","Product 024","Electronics","BrandC",17512,1558,15956
"105","P_036","113092",3,0,"09/20/2024","Product 036","Sports","BrandD",7791,381,7411
"101","P_037","102577",1,15,"09/21/2024","Product 037","Clothing","BrandB",27110,3410,23701
"102","P_024","113210",4,20,"09/22/2024","Product 024","Electronics","BrandC",14865,944,13922
"102","P_018","113214",2,15,"09/23/2024","Product 018","Sports","BrandB",10687,605,10080
"102","P_032","113222",5,0,"09/24/2024","Product 032","Home","BrandB",15137,1536,13605
"106","P_008","113225",4,15,"09/25/2024","Product 008","Clothing","BrandC",10329,1571,8757
"107","P_013","113230",2,10,"09/26/2024","Product 013","Sports","BrandB",16039,1293,14747
"101","P_016","113150",4,10,"09/27/2024","Product 016","Grocery","BrandB",10250,913,9337
"108","P_013","113177",4,15,"09/28/2024","Product 013","Sports","BrandB",16727,2210,14515
"108","P_015","113228",3,15,"09/29/2024","Product 015","Home","BrandD",4075,403,3672
"105","P_039","113201",5,15,"09/30/2024","Product 039","Electronics","BrandD",20352,2375,17977
"101","P_035","113713",2,10,"10/01/2024","Product 035","Clothing","BrandC",19081,2067,17013
"104","P_005","113721",3,15,"10/02/2024","Product 005","Sports","BrandD",14902,1269,13632
"101","P_033","113720",3,15,"10/03/2024","Product 033","Home","BrandC",12191,887,11303
"102","P_045","113709",5,10,"10/04/2024","Product 045","Grocery","BrandA",13961,1559,12402
"101","P_031","113700",3,5,"10/05/2024","Product 031","Clothing","BrandD",14825,1607,13218
"101","P_028","113705",2,10,"10/06/2024","Product 028","Grocery","BrandB",15964,1885,14082
"103","P_045","113702",4,0,"10/07/2024","Product 045","Grocery","BrandA",19365,2383,16979
"104","P_013","102946",5,20,"10/08/2024","Product 013","Sports","BrandB",15681,1590,14094
"101","P_033","113673",1,15,"10/09/2024","Product 033","Home","BrandC",23600,1999,21598
"107","P_034","102951",1,5,"10/10/2024","Product 034","Electronics","BrandD",29815,2636,27182
"104","P_032","113725",4,0,"10/11/2024","Product 032","Home","BrandB",24131,1881,22250
"107","P_048","113688",1,5,"10/12/2024","Product 048","Sports","BrandA",15436,2014,13422
"102","P_009","113677",5,0,"10/13/2024","Product 009","Clothing","BrandC",18786,2122,16664
"104","P_007","102979",1,0,"10/14/2024","Product 007","Clothing","BrandD",17739,1841,15898
"108","P_013","113723",4,5,"10/15/2024","Product 013","Sports","BrandB",15832,1187,14646
"106","P_014","113715",5,15,"10/16/2024","Product 014","Grocery","BrandD",16467,1455,15010
"103","P_013","113719",4,15,"10/17/2024","Product 013","Sports","BrandB",22382,2256,20122
"105","P_029","113683",3,0,"10/18/2024","Product 029","Home","BrandB",14063,669,13395
"104","P_028","102942",1,5,"10/19/2024","Product 028","Grocery","BrandB",14545,916,13629
"102","P_037","113712",5,0,"10/20/2024","Product 037","Clothing","BrandB",10393,528,9865
"106","P_003","113693",2,10,"10/21/2024","Product 003","Clothing","BrandD",27763,2716,25049
"105","P_034","113716",3,5,"10/22/2024","Product 034","Electronics","BrandD",19473,2147,17327
"104","P_036","113658",3,0,"10/23/2024","Product 036","Sports","BrandD",18911,1869,17045
"108","P_017","113726",4,5,"10/24/2024","Product 017","Home","BrandB",14683,1593,13092
"102","P_029","113697",4,5,"10/25/2024","Product 029","Home","BrandB",11531,1296,10235
"106","P_032","113722",3,0,"10/26/2024","Product 032","Home","BrandB",26807,1919,24887
"107","P_048","103081",5,20,"10/27/2024","Product 048","Sports","BrandA",19740,2552,17186
"106","P_007","113706",4,0,"10/28/2024","Product 007","Clothing","BrandD",17481,1705,15776
"103","P_040","113593",5,20,"10/29/2024","Product 040","Grocery","BrandA",19818,2151,17667
"101","P_025","102639",3,20,"10/30/2024","Product 025","Electronics","BrandB",21130,2238,18898
"106","P_021","103025",3,20,"10/31/2024","Product 021","Grocery","BrandD",21380,2476,18901
"107","P_031","114199",1,15,"11/01/2024","Product 031","Clothing","BrandD",13167,1437,11729
"107","P_050","114213",1,0,"11/02/2024","Product 050","Home","BrandB",11419,1384,10033
"102","P_009","114201",3,10,"11/03/2024","Product 009","Clothing","BrandC",22321,2475,19844
"102","P_014","114190",5,10,"11/04/2024","Product 014","Grocery","BrandD",18581,1805,16773
"107","P_029","103278",5,10,"11/05/2024","Product 029","Home","BrandB",24334,2631,21712
"105","P_013","103567",2,10,"11/06/2024","Product 013","Sports","BrandB",10862,982,9877
"108","P_004","103610",1,5,"11/07/2024","Product 004","Sports","BrandC",19078,1960,17118
"101","P_028","114220",4,15,"11/08/2024","Product 028","Grocery","BrandB",24290,2662,21627
"101","P_048","114186",2,5,"11/09/2024","Product 048","Sports","BrandA",21102,1735,19368
"101","P_036","114208",2,5,"11/10/2024","Product 036","Sports","BrandD",11571,1461,10109
"107","P_032","114221",1,10,"11/11/2024","Product 032","Home","BrandB",24221,3247,20974
"102","P_002","103366",4,20,"11/12/2024","Product 002","Sports","BrandC",31438,3585,27855
"104","P_037","114207",2,5,"11/13/2024","Product 037","Clothing","BrandB",21236,2552,18685
"107","P_025","114189",3,0,"11/14/2024","Product 025","Electronics","BrandB",11458,1650,9812
"106","P_045","114223",5,20,"11/15/2024","Product 045","Grocery","BrandA",36658,3648,33012
"103","P_043","114188",3,15,"11/16/2024","Product 043","Home","BrandA",29064,2473,26594
"105","P_019","114209",3,0,"11/17/2024","Product 019","Electronics","BrandB",21854,2423,19431
"104","P_034","114191",5,10,"11/18/2024","Product 034","Electronics","BrandD",14849,1871,12976
"103","P_044","114197",5,10,"11/19/2024","Product 044","Grocery","BrandD",15448,1389,14057
"107","P_006","114162",3,0,"11/20/2024","Product 006","Grocery","BrandA",15540,1831,13707
"106","P_041","103545",4,15,"11/21/2024","Product 041","Home","BrandB",25805,3298,22506
"108","P_046","114212",5,20,"11/22/2024","Product 046","Electronics","BrandB",29727,3750,25973
"106","P_036","103152",4,0,"11/23/2024","Product 036","Sports","BrandD",14992,1102,13888
"106","P_031","103176",5,0,"11/24/2024","Product 031","Clothing","BrandD",22223,2006,20218
"101","P_028","114214",2,0,"11/25/2024","Product 028","Grocery","BrandB",15591,1045,14544
"108","P_042","114211",3,20,"11/26/2024","Product 042","Electronics","BrandD",17474,1945,15531
"107","P_015","103351",5,10,"11/27/2024","Product 015","Home","BrandD",35517,3925,31589
"108","P_017","103226",1,0,"11/28/2024","Product 017","Home","BrandB",20569,1782,18784
"103","P_032","114198",4,15,"11/29/2024","Product 032","Home","BrandB",23196,2757,20441
"101","P_048","103363",1,5,"11/30/2024","Product 048","Sports","BrandA",14904,1784,13121
"108","P_026","103887",1,0,"12/01/2024","Product 026","Clothing","BrandB",22602,1927,20673
"105","P_013","114653",1,0,"12/02/2024","Product 013","Sports","BrandB",8430,700,7727
"108","P_003","114572",1,20,"12/03/2024","Product 003","Clothing","BrandD",20202,1983,18220
"106","P_033","103728",4,15,"12/04/2024","Product 033","Home","BrandC",10520,1024,9494
"105","P_023","103892",4,0,"12/05/2024","Product 023","Home","BrandA",25286,2343,22945
"103","P_041","114643",2,5,"12/06/2024","Product 041","Home","BrandB",20018,2674,17344
"102","P_020","114558",4,20,"12/07/2024","Product 020","Home","BrandB",7172,843,6328
"107","P_018","114658",4,15,"12/08/2024","Product 018","Sports","BrandB",23390,2596,20793
"105","P_024","114648",4,0,"12/09/2024","Product 024","Electronics","BrandC",14341,1493,12847
"103","P_009","103638",3,0,"12/10/2024","Product 009","Clothing","BrandC",14254,1311,12945
"104","P_026","114633",4,0,"12/11/2024","Product 026","Clothing","BrandB",15700,1716,13985
"101","P_033","103960",3,5,"12/12/2024","Product 033","Home","BrandC",18455,1766,16690
"102","P_050","104043",5,0,"12/13/2024","Product 050","Home","BrandB",20461,1732,18726
"105","P_050","114610",2,20,"12/14/2024","Product 050","Home","BrandB",23096,2266,20828
"101","P_017","114660",3,0,"12/15/2024","Product 017","Home","BrandB",13939,1189,12751
"107","P_023","114646",3,15,"12/16/2024","Product 023","Home","BrandA",14380,1243,13137
"103","P_005","114627",2,15,"12/17/2024","Product 005","Sports","BrandD",20848,2652,18194
"108","P_005","114604",1,10,"12/18/2024","Product 005","Sports","BrandD",9284,768,8515
"102","P_044","103742",5,20,"12/19/2024","Product 044","Grocery","BrandD",18847,2101,16747
"107","P_042","114652",4,15,"12/20/2024","Product 042","Electronics","BrandD",24875,3074,21798
"103","P_047","114657",5,5,"12/21/2024","Product 047","Grocery","BrandC",17566,2509,15057
"104","P_017","103863",4,20,"12/22/2024","Product 017","Home","BrandB",27716,3072,24648
"104","P_013","114582",5,5,"12/23/2024","Product 013","Sports","BrandB",16863,1682,15178
"103","P_029","114647",5,15,"12/24/2024","Product 029","Home","BrandB",17979,1790,16187
"102","P_019","103845",2,20,"12/25/2024","Product 019","Electronics","BrandB",22965,2208,20757
"101","P_046","103903",1,0,"12/26/2024","Product 046","Electronics","BrandB",17618,1327,16289
"105","P_002","114645",3,10,"12/27/2024","Product 002","Sports","BrandC",15655,1324,14332
"107","P_008","114625",4,5,"12/28/2024","Product 008","Clothing","BrandC",23042,2893,20145
"107","P_033","103818",4,0,"12/29/2024","Product 033","Home","BrandC",16511,2015,14496
"101","P_012","114624",1,15,"12/30/2024","Product 012","Clothing","BrandD",20782,2220,18567
"101","P_029","114544",3,15,"12/31/2024","Product 029","Home","BrandB",7884,635,7248
"107","P_009","115139",4,5,"01/01/2025","Product 009","Clothing","BrandC",23339,2091,21243
"104","P_029","115101",3,20,"01/02/2025","Product 029","Home","BrandB",6665,820,5846
"105","P_010","115125",4,5,"01/03/2025","Product 010","Sports","BrandB",16732,1428,15304
"103","P_047","104371",2,5,"01/04/2025","Product 047","Grocery","BrandC",14152,1502,12654
"101","P_011","115154",4,20,"01/05/2025","Product 011","Home","BrandA",23466,2432,21030
"103","P_001","115145",3,5,"01/06/2025","Product 001","Home","BrandD",18326,1624,16698
"107","P_032","104453",4,20,"01/07/2025","Product 032","Home","BrandB",11091,1503,9587
"106","P_006","115099",5,10,"01/08/2025","Product 006","Grocery","BrandA",21111,2624,18487
"103","P_032","115103",5,5,"01/09/2025","Product 032","Home","BrandB",17909,1664,16246
"107","P_039","104101",3,0,"01/10/2025","Product 039","Electronics","BrandD",18844,1555,17289
"103","P_032","104334",1,10,"01/11/2025","Product 032","Home","BrandB",21566,2226,19345
"106","P_032","115115",2,5,"01/12/2025","Product 032","Home","BrandB",18606,2047,16560
"106","P_013","115152",4,15,"01/13/2025","Product 013","Sports","BrandB",23418,2837,20578
"106","P_005","115142",3,10,"01/14/2025","Product 005","Sports","BrandD",20780,2128,18650
"103","P_038","104532",3,15,"01/15/2025","Product 038","Sports","BrandC",18834,2036,16797
"104","P_048","115149",4,20,"01/16/2025","Product 048","Sports","BrandA",17229,1699,15527
"103","P_011","115151",4,20,"01/17/2025","Product 011","Home","BrandA",10843,1326,9520
"105","P_016","115153",1,20,"01/18/2025","Product 016","Grocery","BrandB",24921,2413,22504
"104","P_032","104206",1,15,"01/19/2025","Product 032","Home","BrandB",40166,4536,35628
"104","P_048","115123",1,15,"01/20/2025","Product 048","Sports","BrandA",21177,1873,19307
"105","P_035","104170",4,5,"01/21/2025","Product 035","Clothing","BrandC",27934,2459,25472
"103","P_050","115157",5,15,"01/22/2025","Product 050","Home","BrandB",19067,1924,17139
"103","P_027","104241",1,15,"01/23/2025","Product 027","Clothing","BrandD",13614,1336,12274
"103","P_025","104267",4,20,"01/24/2025","Product 025","Electronics","BrandB",10023,1067,8957
"108","P_029","104420",4,5,"01/25/2025","Product 029","Home","BrandB",18741,1123,17616
"108","P_012","115147",5,5,"01/26/2025","Product 012","Clothing","BrandD",26676,3563,23109
"108","P_001","104505",5,20,"01/27/2025","Product 001","Home","BrandD",34554,4070,30489
"102","P_039","115124",2,5,"01/28/2025","Product 039","Electronics","BrandD",8403,809,7597
"107","P_044","104200",3,20,"01/29/2025","Product 044","Grocery","BrandD",22744,1984,20758
"105","P_027","115088",1,10,"01/30/2025","Product 027","Clothing","BrandD",11342,1633,9710
"101","P_031","104372",3,0,"01/31/2025","Product 031","Clothing","BrandD",15373,1035,14333
"102","P_046","115636",3,0,"02/01/2025","Product 046","Electronics","BrandB",17464,1897,15566
"103","P_033","115652",5,20,"02/02/2025","Product 033","Home","BrandC",29033,2465,26566
"105","P_040","104697",4,5,"02/03/2025","Product 040","Grocery","BrandA",31033,3151,27882
"102","P_013","105014",1,15,"02/04/2025","Product 013","Sports","BrandB",13522,1314,12209
"106","P_046","115646",3,5,"02/05/2025","Product 046","Electronics","BrandB",20350,1426,18922
"103","P_031","115616",5,5,"02/06/2025","Product 031","Clothing","BrandD",18645,2033,16612
"108","P_002","104884",1,20,"02/07/2025","Product 002","Sports","BrandC",17889,1528,16362
"105","P_021","104830",4,0,"02/08/2025","Product 021","Grocery","BrandD",19739,1234,18511
"105","P_032","115637",2,10,"02/09/2025","Product 032","Home","BrandB",24593,1872,22721
"104","P_004","115587",4,0,"02/10/2025","Product 004","Sports","BrandC",16692,1903,14789
"104","P_039","115651",4,10,"02/11/2025","Product 039","Electronics","BrandD",16755,1856,14896
"105","P_039","115653",4,0,"02/12/2025","Product 039","Electronics","BrandD",21772,1987,19788
"106","P_001","115648",1,10,"02/13/2025","Product 001","Home","BrandD",17643,1511,16133
"108","P_044","115629",2,0,"02/14/2025","Product 044","Grocery","BrandD",30266,2935,27335
"103","P_040","115643",5,0,"02/15/2025","Product 040","Grocery","BrandA",23394,2062,21332
"104","P_019","115625",3,5,"02/16/2025","Product 019","Electronics","BrandB",21540,2384,19154
"105","P_015","115627",5,15,"02/17/2025","Product 015","Home","BrandD",17092,1828,15264
"102","P_040","104747",5,5,"02/18/2025","Product 040","Grocery","BrandA",20912,1602,19315
"105","P_040","115590",2,20,"02/19/2025","Product 040","Grocery","BrandA",21029,2302,18724
"103","P_030","105032",3,5,"02/20/2025","Product 030","Home","BrandB",20479,2187,18288
"106","P_012","105005",5,10,"02/21/2025","Product 012","Clothing","BrandD",26313,2533,23779
"101","P_041","115641",5,5,"02/22/2025","Product 041","Home","BrandB",30162,2633,27529
"106","P_028","115631",4,10,"02/23/2025","Product 028","Grocery","BrandB",29110,3021,26089
"108","P_031","115647",4,10,"02/24/2025","Product 031","Clothing","BrandD",17991,1755,16233
"105","P_015","115655",3,15,"02/25/2025","Product 015","Home","BrandD",24345,2465,21880
"107","P_042","115566",4,20,"02/26/2025","Product 042","Electronics","BrandD",23898,2478,21419
"102","P_038","115650",5,5,"02/27/2025","Product 038","Sports","BrandC",17058,1244,15811
"108","P_015","115617",3,15,"02/28/2025","Product 015","Home","BrandD",14489,1686,12803
"101","P_038","105248",2,0,"03/01/2025","Product 038","Sports","BrandC",15055,955,14099
"104","P_001","116090",1,0,"03/02/2025","Product 001","Home","BrandD",16541,2093,14449
"103","P_015","116081",4,5,"03/03/2025","Product 015","Home","BrandD",16666,1626,15039
"101","P_043","116096",4,10,"03/04/2025","Product 043","Home","BrandA",14071,1732,12338
"106","P_023","105414",3,5,"03/05/2025","Product 023","Home","BrandA",12940,1057,11879
"108","P_033","105354",3,15,"03/06/2025","Product 033","Home","BrandC",30463,3289,27173
"108","P_036","105494",4,15,"03/07/2025","Product 036","Sports","BrandD",17877,1666,16213
"101","P_001","116026",5,5,"03/08/2025","Product 001","Home","BrandD",21579,2407,19172
"105","P_008","116076",2,0,"03/09/2025","Product 008","Clothing","BrandC",15953,1024,14929
"103","P_002","105449",4,10,"03/10/2025","Product 002","Sports","BrandC",22987,1658,21326
"104","P_044","116091",1,0,"03/11/2025","Product 044","Grocery","BrandD",13250,1265,11984
"104","P_043","116089",2,20,"03/12/2025","Product 043","Home","BrandA",18861,1801,17064
"103","P_044","116086",1,0,"03/13/2025","Product 044","Grocery","BrandD",10159,748,9411
"102","P_021","105488",2,15,"03/14/2025","Product 021","Grocery","BrandD",13699,1122,12580
"107","P_017","116045",3,20,"03/15/2025","Product 017","Home","BrandB",14975,1538,13437
"108","P_019","116093",1,0,"03/16/2025","Product 019","Electronics","BrandB",14475,1135,13339
"102","P_018","116074",3,20,"03/17/2025","Product 018","Sports","BrandB",17850,2017,15834
"105","P_002","105084",4,10,"03/18/2025","Product 002","Sports","BrandC",27423,2724,24701
"104","P_001","116098",4,5,"03/19/2025","Product 001","Home","BrandD",24947,2204,22744
"107","P_036","116077",5,5,"03/20/2025","Product 036","Sports","BrandD",12621,1039,11584
"107","P_024","105445",2,15,"03/21/2025","Product 024","Electronics","BrandC",14159,1558,12604
"103","P_015","116066",3,5,"03/22/2025","Product 015","Home","BrandD",14591,1581,13013
"102","P_048","105073",3,5,"03/23/2025","Product 048","Sports","BrandA",24925,2027,22898
"108","P_032","116099",1,15,"03/24/2025","Product 032","Home","BrandB",19245,1719,17526
"108","P_013","116010",1,0,"03/25/2025","Product 013","Sports","BrandB",20798,2315,18483
"105","P_023","105453",5,15,"03/26/2025","Product 023","Home","BrandA",13790,1618,12170
"104","P_001","105458",4,10,"03/27/2025","Product 001","Home","BrandD",28489,2210,26277
"103","P_036","105405",3,5,"03/28/2025","Product 036","Sports","BrandD",11126,1186,9939
"102","P_028","116075",4,10,"03/29/2025","Product 028","Grocery","BrandB",16916,1673,15242
"108","P_002","116097",2,0,"03/30/2025","Product 002","Sports","BrandC",28079,2269,25814
"108","P_033","116079",4,0,"03/31/2025","Product 033","Home","BrandC",15506,1403,14101
"102","P_046","105580",2,10,"04/01/2025","Product 046","Electronics","BrandB",25904,2483,23421
"107","P_025","105888",3,5,"04/02/2025","Product 025","Electronics","BrandB",9642,1081,8564
"104","P_001","116474",1,10,"04/03/2025","Product 001","Home","BrandD",12210,1335,10876
"104","P_020","116485",5,5,"04/04/2025","Product 020","Home","BrandB",12606,1316,11289
"104","P_001","116432",4,10,"04/05/2025","Product 001","Home","BrandD",9695,940,8756
"102","P_020","116498",4,5,"04/06/2025","Product 020","Home","BrandB",16126,1262,14865
"104","P_035","116496",3,10,"04/07/2025","Product 035","Clothing","BrandC",12752,1043,11710
"102","P_040","116500",3,20,"04/08/2025","Product 040","Grocery","BrandA",10244,1063,9182
"105","P_035","116495",3,10,"04/09/2025","Product 035","Clothing","BrandC",26875,1624,25250
"103","P_011","116501",2,5,"04/10/2025","Product 011","Home","BrandA",16583,1748,14835
"108","P_031","116459",3,5,"04/11/2025","Product 031","Clothing","BrandD",11597,1071,10526
"107","P_012","116442",5,15,"04/12/2025","Product 012","Clothing","BrandD",11839,1538,10301
"106","P_007","105759",1,0,"04/13/2025","Product 007","Clothing","BrandD",13960,1351,12609
"101","P_035","116497",5,15,"04/14/2025","Product 035","Clothing","BrandC",17330,1280,16051
"103","P_039","116467",4,5,"04/15/2025","Product 039","Electronics","BrandD",11892,1488,10404
"106","P_030","105747",1,0,"04/16/2025","Product 030","Home","BrandB",13587,1693,11895
"102","P_009","116493",2,5,"04/17/2025","Product 009","Clothing","BrandC",20266,1708,18555
"103","P_043","116481",4,20,"04/18/2025","Product 043","Home","BrandA",20202,2390,17811
"103","P_022","116487",5,15,"04/19/2025","Product 022","Sports","BrandB",13244,1606,11638
"107","P_042","116492",5,10,"04/20/2025","Product 042","Electronics","BrandD",6172,751,5422
"102","P_041","105772",1,0,"04/21/2025","Product 041","Home","BrandB",12689,955,11736
"108","P_002","116454",2,0,"04/22/2025","Product 002","Sports","BrandC",19283,1641,17641
"107","P_037","116499",4,20,"04/23/2025","Product 037","Clothing","BrandB",20097,1275,18822
"101","P_011","116458",4,10,"04/24/2025","Product 011","Home","BrandA",17861,1626,16240
"102","P_001","116469",3,15,"04/25/2025","Product 001","Home","BrandD",20893,2766,18125
"107","P_006","116470",2,20,"04/26/2025","Product 006","Grocery","BrandA",25097,2087,23014
"108","P_027","105623",1,20,"04/27/2025","Product 027","Clothing","BrandD",15751,1578,14176
"103","P_032","116452",4,5,"04/28/2025","Product 032","Home","BrandB",20202,2020,18184
"102","P_006","105700",4,10,"04/29/2025","Product 006","Grocery","BrandA",13240,1311,11927
"104","P_025","116427",2,5,"04/30/2025","Product 025","Electronics","BrandB",13148,1404,11749
"101","P_048","106288",1,20,"05/01/2025","Product 048","Sports","BrandA",20141,2126,18016
"103","P_017","106072",2,20,"05/02/2025","Product 017","Home","BrandB",20829,1625,19201
"103","P_012","106366",4,0,"05/03/2025","Product 012","Clothing","BrandD",25526,2225,23299
"102","P_031","116976",3,5,"05/04/2025","Product 031","Clothing","BrandD",21772,2634,19140
"103","P_029","106066",4,5,"05/05/2025","Product 029","Home","BrandB",26565,1983,24579
"104","P_001","116973",1,15,"05/06/2025","Product 001","Home","BrandD",14112,1652,12457
"104","P_029","116970",5,5,"05/07/2025","Product 029","Home","BrandB",18804,1949,16850
"101","P_010","116902",3,15,"05/08/2025","Product 010","Sports","BrandB",11269,1136,10134
"103","P_010","116915",3,15,"05/09/2025","Product 010","Sports","BrandB",18779,1347,17435
"104","P_027","116932",3,20,"05/10/2025","Product 027","Clothing","BrandD",14608,1206,13407
"108","P_018","116878",2,5,"05/11/2025","Product 018","Sports","BrandB",16319,2489,13830
"108","P_012","116969",1,0,"05/12/2025","Product 012","Clothing","BrandD",15075,1678,13396
"107","P_031","116957",2,20,"05/13/2025","Product 031","Clothing","BrandD",23537,1711,21827
"106","P_030","116953",1,15,"05/14/2025","Product 030","Home","BrandB",13928,1195,12731
"107","P_031","105979",4,5,"05/15/2025","Product 031","Clothing","BrandD",24510,2321,22186
"102","P_025","116919",4,20,"05/16/2025","Product 025","Electronics","BrandB",9801,851,8953
"107","P_012","106183",4,5,"05/17/2025","Product 012","Clothing","BrandD",18883,1828,17058
"102","P_019","116943",4,10,"05/18/2025","Product 019","Electronics","BrandB",16563,1180,15383
"107","P_044","106186",1,15,"05/19/2025","Product 044","Grocery","BrandD",19453,1742,17709
"103","P_041","106092",4,15,"05/20/2025","Product 041","Home","BrandB",20707,2715,17993
"107","P_003","106359",4,20,"05/21/2025","Product 003","Clothing","BrandD",22545,2381,20167
"107","P_034","116974",2,0,"05/22/2025","Product 034","Electronics","BrandD",30266,3199,27065
"106","P_019","116930",5,0,"05/23/2025","Product 019","Electronics","BrandB",21193,2153,19037
"102","P_038","116941",1,0,"05/24/2025","Product 038","Sports","BrandC",10199,956,9242
"103","P_007","116928",3,5,"05/25/2025","Product 007","Clothing","BrandD",12281,753,11529
"106","P_006","116951",3,20,"05/26/2025","Product 006","Grocery","BrandA",19984,2313,17671
"102","P_014","106317",5,0,"05/27/2025","Product 014","Grocery","BrandD",33950,3240,30712
"106","P_048","116956",5,5,"05/28/2025","Product 048","Sports","BrandA",16866,1695,15172
"106","P_038","116947",4,10,"05/29/2025","Product 038","Sports","BrandC",21860,2245,19613
"106","P_020","116975",5,5,"05/30/2025","Product 020","Home","BrandB",15740,1459,14277
"105","P_024","106349",3,20,"05/31/2025","Product 024","Electronics","BrandC",25432,2931,22501
"106","P_028","117243",3,5,"06/01/2025","Product 028","Grocery","BrandB",8106,753,7351
"103","P_017","117336",2,10,"06/02/2025","Product 017","Home","BrandB",12992,1558,11436
"108","P_026","106609",5,5,"06/03/2025","Product 026","Clothing","BrandB",14273,973,13296
"106","P_005","106518",1,10,"06/04/2025","Product 005","Sports","BrandD",11563,888,10676
"101","P_024","117342",2,10,"06/05/2025","Product 024","Electronics","BrandC",24127,2866,21265
"106","P_008","117279",3,10,"06/06/2025","Product 008","Clothing","BrandC",14128,1935,12194
"102","P_014","117356",5,5,"06/07/2025","Product 014","Grocery","BrandD",16325,1368,14957
"106","P_049","106622",5,5,"06/08/2025","Product 049","Grocery","BrandD",18254,1692,16561
"108","P_002","106524",5,20,"06/09/2025","Product 002","Sports","BrandC",22114,2461,19652
"102","P_025","117362",4,15,"06/10/2025","Product 025","Electronics","BrandB",19876,2312,17564
"108","P_029","117359",5,20,"06/11/2025","Product 029","Home","BrandB",17750,1965,15785
"104","P_021","117351",4,10,"06/12/2025","Product 021","Grocery","BrandD",12097,1398,10699
"104","P_010","106481",3,5,"06/13/2025","Product 010","Sports","BrandB",20062,2422,17639
"108","P_002","106467",2,20,"06/14/2025","Product 002","Sports","BrandC",18100,1860,16241
"103","P_024","117348",3,5,"06/15/2025","Product 024","Electronics","BrandC",8979,816,8164
"105","P_038","117343",5,20,"06/16/2025","Product 038","Sports","BrandC",7627,927,6701
"103","P_013","117363",1,5,"06/17/2025","Product 013","Sports","BrandB",14731,1567,13161
"105","P_001","106640",4,20,"06/18/2025","Product 001","Home","BrandD",22858,2515,20349
"107","P_021","117357",1,5,"06/19/2025","Product 021","Grocery","BrandD",12481,1615,10866
"107","P_022","117364",4,0,"06/20/2025","Product 022","Sports","BrandB",11016,638,10376
"108","P_002","117275",2,10,"06/21/2025","Product 002","Sports","BrandC",15623,2225,13397
"107","P_017","117354",1,20,"06/22/2025","Product 017","Home","BrandB",18117,1359,16759
"106","P_043","106465",2,5,"06/23/2025","Product 043","Home","BrandA",21422,2076,19346
"107","P_012","117328",5,20,"06/24/2025","Product 012","Clothing","BrandD",15771,1661,14108
"108","P_016","117365",5,5,"06/25/2025","Product 016","Grocery","BrandB",8339,923,7415
"108","P_042","106619",2,15,"06/26/2025","Product 042","Electronics","BrandD",26957,2444,24509
"101","P_042","117293",2,20,"06/27/2025","Product 042","Electronics","BrandD",14437,1320,13116
"107","P_039","117339",5,5,"06/28/2025","Product 039","Electronics","BrandD",13021,849,12171
"102","P_006","117366",2,15,"06/29/2025","Product 006","Grocery","BrandA",12655,1052,11601
"106","P_018","106605",5,5,"06/30/2025","Product 018","Sports","BrandB",15671,1087,14585
"107","P_027","106823",4,15,"07/01/2025","Product 027","Clothing","BrandD",16964,1470,15497
"103","P_014","117732",2,20,"07/02/2025","Product 014","Grocery","BrandD",14031,1869,12163
"103","P_005","106770",4,0,"07/03/2025","Product 005","Sports","BrandD",27102,2343,24757
"101","P_025","117774",4,10,"07/04/2025","Product 025","Electronics","BrandB",21222,2423,18800
"102","P_011","117795",5,15,"07/05/2025","Product 011","Home","BrandA",16360,2033,14330
"101","P_037","117784",3,0,"07/06/2025","Product 037","Clothing","BrandB",17503,1282,16221
"107","P_002","117718",3,20,"07/07/2025","Product 002","Sports","BrandC",14799,1370,13431
"103","P_021","117771",1,10,"07/08/2025","Product 021","Grocery","BrandD",12724,1463,11264
"107","P_010","117782",3,15,"07/09/2025","Product 010","Sports","BrandB",27425,2151,25274
"102","P_021","117778",4,10,"07/10/2025","Product 021","Grocery","BrandD",22188,2439,19750
"108","P_026","106842",4,5,"07/11/2025","Product 026","Clothing","BrandB",15524,1287,14237
"108","P_047","117767",2,10,"07/12/2025","Product 047","Grocery","BrandC",15593,1507,14088
"105","P_048","117797",3,10,"07/13/2025","Product 048","Sports","BrandA",18766,1676,17089
"101","P_017","117790",3,0,"07/14/2025","Product 017","Home","BrandB",10314,893,9422
"105","P_014","107139",5,10,"07/15/2025","Product 014","Grocery","BrandD",24232,2602,21627
"103","P_039","117730",2,0,"07/16/2025","Product 039","Electronics","BrandD",13344,1120,12225
"104","P_033","107134",1,10,"07/17/2025","Product 033","Home","BrandC",22422,2095,20327
"104","P_033","107129",2,20,"07/18/2025","Product 033","Home","BrandC",13247,1772,11476
"108","P_004","106931",3,10,"07/19/2025","Product 004","Sports","BrandC",28441,3793,24643
"106","P_039","117779",2,0,"07/20/2025","Product 039","Electronics","BrandD",11313,911,10404
"102","P_021","117775",5,5,"07/21/2025","Product 021","Grocery","BrandD",3060,399,2660
"107","P_043","117772",3,20,"07/22/2025","Product 043","Home","BrandA",20127,2381,17743
"101","P_008","117737",1,5,"07/23/2025","Product 008","Clothing","BrandC",15168,1465,13706
"107","P_050","107170",1,10,"07/24/2025","Product 050","Home","BrandB",20424,1913,18511
"102","P_045","117789",1,15,"07/25/2025","Product 045","Grocery","BrandA",15173,1218,13954
"107","P_010","117764",5,10,"07/26/2025","Product 010","Sports","BrandB",12513,1515,10998
"108","P_024","117721",5,20,"07/27/2025","Product 024","Electronics","BrandC",21170,1688,19481
"106","P_004","107098",1,0,"07/28/2025","Product 004","Sports","BrandC",18711,1842,16868
"107","P_045","117791",5,20,"07/29/2025","Product 045","Grocery","BrandA",20752,2261,18489
"105","P_006","117786",2,15,"07/30/2025","Product 006","Grocery","BrandA",14540,1571,12967
"106","P_036","117783",3,15,"07/31/2025","Product 036","Sports","BrandD",12227,1413,10813
"108","P_044","107624",4,5,"08/01/2025","Product 044","Grocery","BrandD",22435,2222,20214
"105","P_031","118204",3,10,"08/02/2025","Product 031","Clothing","BrandD",19074,2288,16785
"108","P_036","107365",1,20,"08/03/2025","Product 036","Sports","BrandD",25899,2285,23614
"107","P_047","118240",2,0,"08/04/2025","Product 047","Grocery","BrandC",12932,1220,11712
"108","P_025","118219",2,10,"08/05/2025","Product 025","Electronics","BrandB",7678,942,6737
"106","P_016","118246",3,20,"08/06/2025","Product 016","Grocery","BrandB",17615,2008,15609
"101","P_040","107516",2,10,"08/07/2025","Product 040","Grocery","BrandA",23651,2709,20941
"107","P_023","118226",3,0,"08/08/2025","Product 023","Home","BrandA",9861,1011,8852
"101","P_002","118231",3,5,"08/09/2025","Product 002","Sports","BrandC",17844,2105,15738
"103","P_003","118243",2,20,"08/10/2025","Product 003","Clothing","BrandD",19966,2412,17552
"105","P_014","118155",1,10,"08/11/2025","Product 014","Grocery","BrandD",10555,990,9565
"107","P_031","118160",5,15,"08/12/2025","Product 031","Clothing","BrandD",14565,1695,12873
"103","P_033","118221",4,10,"08/13/2025","Product 033","Home","BrandC",12352,1163,11187
"106","P_038","118179",1,10,"08/14/2025","Product 038","Sports","BrandC",14074,1154,12920
"107","P_017","107269",1,20,"08/15/2025","Product 017","Home","BrandB",12698,833,11868
"106","P_028","118237",3,5,"08/16/2025","Product 028","Grocery","BrandB",17517,1154,16364
"103","P_020","107562",5,0,"08/17/2025","Product 020","Home","BrandB",21280,3125,18153
"102","P_010","118163",1,5,"08/18/2025","Product 010","Sports","BrandB",11836,1336,10499
"106","P_011","118225",3,15,"08/19/2025","Product 011","Home","BrandA",16720,1604,15115
"101","P_047","118218",4,5,"08/20/2025","Product 047","Grocery","BrandC",19842,1700,18143
"106","P_036","118249",5,20,"08/21/2025","Product 036","Sports","BrandD",17550,1949,15604
"106","P_014","107550",4,10,"08/22/2025","Product 014","Grocery","BrandD",22271,2029,20242
"104","P_028","107306",5,5,"08/23/2025","Product 028","Grocery","BrandB",16500,1427,15071
"106","P_018","118203",4,5,"08/24/2025","Product 018","Sports","BrandB",21171,2388,18782
"103","P_026","118245",5,0,"08/25/2025","Product 026","Clothing","BrandB",23749,2826,20925
"106","P_016","118244",3,10,"08/26/2025","Product 016","Grocery","BrandB",17989,1422,16565
"105","P_038","107487",3,20,"08/27/2025","Product 038","Sports","BrandC",11663,1725,9935
"105","P_002","118236",5,10,"08/28/2025","Product 002","Sports","BrandC",12945,1314,11634
"104","P_031","107345",2,15,"08/29/2025","Product 031","Clothing","BrandD",17574,1894,15683
"108","P_031","118209",3,20,"08/30/2025","Product 031","Clothing","BrandD",13828,936,12889
"103","P_049","107390",5,10,"08/31/2025","Product 049","Grocery","BrandD",21096,1883,19218
"104","P_042","118717",3,10,"09/01/2025","Product 042","Electronics","BrandD",8294,611,7682
"106","P_006","107827",1,15,"09/02/2025","Product 006","Grocery","BrandA",23888,2477,21408
"108","P_049","118727",1,5,"09/03/2025","Product 049","Grocery","BrandD",19987,1850,18140
"104","P_041","108078",3,15,"09/04/2025","Product 041","Home","BrandB",20649,2101,18548
"104","P_046","118702",1,5,"09/05/2025","Product 046","Electronics","BrandB",19473,2196,17279
"103","P_036","118726",4,5,"09/06/2025","Product 036","Sports","BrandD",22242,2746,19500
"103","P_030","118723",1,5,"09/07/2025","Product 030","Home","BrandB",18807,1938,16867
"101","P_041","118691",4,15,"09/08/2025","Product 041","Home","BrandB",25540,2511,23026
"107","P_005","118670",1,10,"09/09/2025","Product 005","Sports","BrandD",11705,1270,10436
"105","P_028","118652",2,20,"09/10/2025","Product 028","Grocery","BrandB",14148,1838,12306
"102","P_005","107835",3,15,"09/11/2025","Product 005","Sports","BrandD",21142,2170,18969
"105","P_016","107677",3,20,"09/12/2025","Product 016","Grocery","BrandB",19252,1999,17251
"108","P_033","107848",1,0,"09/13/2025","Product 033","Home","BrandC",25497,2202,23295
"107","P_047","118708",3,5,"09/14/2025","Product 047","Grocery","BrandC",23938,1832,22111
"106","P_025","108004",4,15,"09/15/2025","Product 025","Electronics","BrandB",13153,1346,11809
"105","P_012","118685",2,10,"09/16/2025","Product 012","Clothing","BrandD",21099,1695,19406
"107","P_002","118587",4,10,"09/17/2025","Product 002","Sports","BrandC",12921,1439,11483
"106","P_008","118707",4,15,"09/18/2025","Product 008","Clothing","BrandC",9316,887,8431
"108","P_043","118678",1,15,"09/19/2025","Product 043","Home","BrandA",26673,2529,24141
"105","P_022","118649",1,20,"09/20/2025","Product 022","Sports","BrandB",14365,1591,12774
"105","P_049","118682",5,0,"09/21/2025","Product 049","Grocery","BrandD",23616,1865,21748
"108","P_045","118724",2,20,"09/22/2025","Product 045","Grocery","BrandA",25446,2059,23388
"107","P_014","108005",2,10,"09/23/2025","Product 014","Grocery","BrandD",23427,2617,20809
"103","P_039","118716",3,5,"09/24/2025","Product 039","Electronics","BrandD",16492,1704,14788
"106","P_039","118711",5,0,"09/25/2025","Product 039","Electronics","BrandD",19887,1712,18177
"101","P_022","118722",1,5,"09/26/2025","Product 022","Sports","BrandB",9193,1374,7822
"101","P_012","118646",4,5,"09/27/2025","Product 012","Clothing","BrandD",7147,399,6749
"105","P_019","118725",3,15,"09/28/2025","Product 019","Electronics","BrandB",13440,1632,11807
"105","P_003","107957",1,15,"09/29/2025","Product 003","Clothing","BrandD",26828,2484,24348
"104","P_048","107980",4,10,"09/30/2025","Product 048","Sports","BrandA",20550,2422,18131
"108","P_044","108357",1,0,"10/01/2025","Product 044","Grocery","BrandD",11847,660,11187
"101","P_050","119078",3,5,"10/02/2025","Product 050","Home","BrandB",14043,1497,12546
"103","P_033","119013",4,5,"10/03/2025","Product 033","Home","BrandC",17516,1856,15659
"103","P_015","119071",3,20,"10/04/2025","Product 015","Home","BrandD",12348,1453,10893
"104","P_037","119083",3,5,"10/05/2025","Product 037","Clothing","BrandB",14069,1320,12749
"105","P_030","119050",5,15,"10/06/2025","Product 030","Home","BrandB",21306,1867,19439
"101","P_035","119019",3,5,"10/07/2025","Product 035","Clothing","BrandC",18606,1875,16729
"103","P_022","119056",1,10,"10/08/2025","Product 022","Sports","BrandB",5308,100,5207
"108","P_019","119088",1,5,"10/09/2025","Product 019","Electronics","BrandB",15497,1700,13799
"106","P_025","119074",3,0,"10/10/2025","Product 025","Electronics","BrandB",13138,1034,12102
"106","P_024","108361",5,10,"10/11/2025","Product 024","Electronics","BrandC",19932,1781,18150
"102","P_005","119081",2,15,"10/12/2025","Product 005","Sports","BrandD",12528,1015,11513
"104","P_039","119046",5,20,"10/13/2025","Product 039","Electronics","BrandD",10976,1095,9881
"104","P_019","108167",1,0,"10/14/2025","Product 019","Electronics","BrandB",6894,622,6273
"104","P_023","119022",4,15,"10/15/2025","Product 023","Home","BrandA",11940,1989,9950
"101","P_021","119073",5,20,"10/16/2025","Product 021","Grocery","BrandD",17135,1905,15233
"108","P_050","108335",4,15,"10/17/2025","Product 050","Home","BrandB",13937,1497,12440
"105","P_049","119079",1,0,"10/18/2025","Product 049","Grocery","BrandD",19002,2261,16740
"102","P_001","108125",2,10,"10/19/2025","Product 001","Home","BrandD",10390,844,9547
"103","P_032","119003",3,20,"10/20/2025","Product 032","Home","BrandB",6474,747,5730
"101","P_005","119066",2,15,"10/21/2025","Product 005","Sports","BrandD",8426,1018,7408
"102","P_019","119062",5,20,"10/22/2025","Product 019","Electronics","BrandB",11854,1233,10620
"105","P_013","108371",3,0,"10/23/2025","Product 013","Sports","BrandB",21565,2133,19432
"104","P_037","119063",3,0,"10/24/2025","Product 037","Clothing","BrandB",10173,1133,9038
"106","P_027","119059",3,5,"10/25/2025","Product 027","Clothing","BrandD",15086,1425,13663
"105","P_017","119033",3,15,"10/26/2025","Product 017","Home","BrandB",18679,1473,17206
"102","P_033","119068",4,10,"10/27/2025","Product 033","Home","BrandC",9271,1092,8178
"108","P_044","119076",1,0,"10/28/2025","Product 044","Grocery","BrandD",17971,1450,16519
"108","P_016","119082",2,5,"10/29/2025","Product 016","Grocery","BrandB",12024,817,11206
"107","P_037","119087",3,5,"10/30/2025","Product 037","Clothing","BrandB",11993,999,10999
"102","P_049","119069",1,5,"10/31/2025","Product 049","Grocery","BrandD",16899,1345,15554
"107","P_005","119439",5,10,"11/01/2025","Product 005","Sports","BrandD",13047,1577,11468
"108","P_001","119409",2,20,"11/02/2025","Product 001","Home","BrandD",18513,2576,15936
"102","P_026","119479",4,0,"11/03/2025","Product 026","Clothing","BrandB",16246,1454,14793
"108","P_050","119446",3,20,"11/04/2025","Product 050","Home","BrandB",17952,1890,16062
"102","P_034","119458",4,20,"11/05/2025","Product 034","Electronics","BrandD",15670,1674,13993
"101","P_015","119429",2,0,"11/06/2025","Product 015","Home","BrandD",12887,1538,11349
"103","P_016","119475",1,20,"11/07/2025","Product 016","Grocery","BrandB",6603,1167,5437
"105","P_026","119419",5,15,"11/08/2025","Product 026","Clothing","BrandB",11959,1012,10947
"102","P_041","119456",4,15,"11/09/2025","Product 041","Home","BrandB",20634,2397,18237
"108","P_021","119457",3,20,"11/10/2025","Product 021","Grocery","BrandD",14306,1171,13135
"105","P_030","119461",4,5,"11/11/2025","Product 030","Home","BrandB",16937,1425,15510
"102","P_023","119413",1,15,"11/12/2025","Product 023","Home","BrandA",13666,1494,12168
"105","P_018","119471",4,15,"11/13/2025","Product 018","Sports","BrandB",7818,675,7140
"107","P_010","119435",1,15,"11/14/2025","Product 010","Sports","BrandB",14119,1262,12858
"104","P_027","119478",4,15,"11/15/2025","Product 027","Clothing","BrandD",9042,965,8076
"105","P_004","119425",4,10,"11/16/2025","Product 004","Sports","BrandC",17963,1918,16043
"107","P_040","119468",4,10,"11/17/2025","Product 040","Grocery","BrandA",13273,1810,11462
"107","P_010","119432",1,5,"11/18/2025","Product 010","Sports","BrandB",19554,1888,17666
"104","P_016","119463",3,20,"11/19/2025","Product 016","Grocery","BrandB",14358,1008,13349
"105","P_045","108666",1,20,"11/20/2025","Product 045","Grocery","BrandA",14481,1462,13019
"105","P_042","119451",1,0,"11/21/2025","Product 042","Electronics","BrandD",10972,765,10209
"105","P_030","119428",5,0,"11/22/2025","Product 030","Home","BrandB",26548,2163,24386
"101","P_036","119406",5,5,"11/23/2025","Product 036","Sports","BrandD",10110,564,9544
"102","P_001","119476",5,5,"11/24/2025","Product 001","Home","BrandD",22495,1622,20875
"106","P_032","108528",4,5,"11/25/2025","Product 032","Home","BrandB",9619,885,8736
"108","P_018","119436",1,15,"11/26/2025","Product 018","Sports","BrandB",9710,1192,8518
"101","P_031","108858",3,0,"11/27/2025","Product 031","Clothing","BrandD",20889,1693,19197
"105","P_040","119438",3,5,"11/28/2025","Product 040","Grocery","BrandA",13057,1282,11776
"104","P_016","119469",1,20,"11/29/2025","Product 016","Grocery","BrandB",11516,1088,10429
"104","P_026","119474",2,5,"11/30/2025","Product 026","Clothing","BrandB",11760,1088,10673
"107","P_005","119896",2,5,"12/01/2025","Product 005","Sports","BrandD",19757,2078,17677
"101","P_010","119899",3,5,"12/02/2025","Product 010","Sports","BrandB",11504,826,10678
"102","P_034","119925",2,10,"12/03/2025","Product 034","Electronics","BrandD",14713,1190,13521
"105","P_033","119912",4,5,"12/04/2025","Product 033","Home","BrandC",28261,2768,25493
"107","P_044","108987",3,15,"12/05/2025","Product 044","Grocery","BrandD",9471,1284,8189
"105","P_037","119920",3,10,"12/06/2025","Product 037","Clothing","BrandB",16246,1549,14696
"107","P_030","119924",4,10,"12/07/2025","Product 030","Home","BrandB",10561,629,9931
"105","P_023","119904",1,0,"12/08/2025","Product 023","Home","BrandA",22461,2296,20167
"101","P_006","119910",5,15,"12/09/2025","Product 006","Grocery","BrandA",18274,1527,16747
"103","P_016","119927",2,15,"12/10/2025","Product 016","Grocery","BrandB",19029,2329,16700
"105","P_019","119850",1,15,"12/11/2025","Product 019","Electronics","BrandB",12411,1143,11268
"102","P_035","119921",4,15,"12/12/2025","Product 035","Clothing","BrandC",17154,1825,15331
"101","P_048","109011",3,10,"12/13/2025","Product 048","Sports","BrandA",26695,2910,23783
"106","P_034","119917",1,15,"12/14/2025","Product 034","Electronics","BrandD",27869,2986,24884
"101","P_033","119919",4,5,"12/15/2025","Product 033","Home","BrandC",16702,1429,15272
"108","P_031","119922",1,10,"12/16/2025","Product 031","Clothing","BrandD",23334,2764,20575
"104","P_036","119923",5,5,"12/17/2025","Product 036","Sports","BrandD",7356,752,6605
"105","P_023","119884",3,5,"12/18/2025","Product 023","Home","BrandA",9769,1312,8455
"105","P_025","119888",5,0,"12/19/2025","Product 025","Electronics","BrandB",15141,1678,13463
"108","P_045","109200",3,15,"12/20/2025","Product 045","Grocery","BrandA",13659,1397,12259
"102","P_036","109249",5,0,"12/21/2025","Product 036","Sports","BrandD",21127,1858,19270
"107","P_019","119879",4,20,"12/22/2025","Product 019","Electronics","BrandB",4209,450,3759
"104","P_021","119916",3,0,"12/23/2025","Product 021","Grocery","BrandD",10843,1389,9454
"101","P_011","119841",3,0,"12/24/2025","Product 011","Home","BrandA",11436,1425,10009
"102","P_035","119926",1,5,"12/25/2025","Product 035","Clothing","BrandC",24369,2246,22125
"102","P_016","109181",1,20,"12/26/2025","Product 016","Grocery","BrandB",14950,1510,13442
"104","P_003","119918",2,20,"12/27/2025","Product 003","Clothing","BrandD",17094,1651,15443
"106","P_040","109285",1,0,"12/28/2025","Product 040","Grocery","BrandA",20624,2123,18500
"101","P_045","119826",2,15,"12/29/2025","Product 045","Grocery","BrandA",24119,2578,21548
"104","P_027","119915",1,0,"12/30/2025","Product 027","Clothing","BrandD",13310,796,12516
"101","P_022","119774",3,15,"12/31/2025","Product 022","Sports","BrandB",12340,1052,11287
"103","P_025","120283",4,0,"01/01/2026","Product 025","Electronics","BrandB",21112,1679,19436
"105","P_042","109355",1,15,"01/02/2026","Product 042","Electronics","BrandD",17298,1936,15367
"102","P_047","109426",4,5,"01/03/2026","Product 047","Grocery","BrandC",10331,999,9332
"106","P_009","109583",5,5,"01/04/2026","Product 009","Clothing","BrandC",25868,2732,23139
"105","P_026","120235",3,0,"01/05/2026","Product 026","Clothing","BrandB",9545,1268,8279
"101","P_005","120278",3,5,"01/06/2026","Product 005","Sports","BrandD",26543,2834,23710
"105","P_021","120248",3,0,"01/07/2026","Product 021","Grocery","BrandD",13006,1268,11739
"102","P_018","120159",4,5,"01/08/2026","Product 018","Sports","BrandB",8239,782,7458
"103","P_050","109402",1,20,"01/09/2026","Product 050","Home","BrandB",15479,1774,13707
"101","P_030","120280",2,20,"01/10/2026","Product 030","Home","BrandB",12096,1150,10941
"106","P_048","120282",1,15,"01/11/2026","Product 048","Sports","BrandA",14608,1726,12881
"103","P_039","120270",3,10,"01/12/2026","Product 039","Electronics","BrandD",14635,1444,13191
"106","P_002","120281",1,20,"01/13/2026","Product 002","Sports","BrandC",12431,1191,11240
"101","P_020","109654",1,20,"01/14/2026","Product 020","Home","BrandB",16402,1765,14632
"108","P_030","120271",2,0,"01/15/2026","Product 030","Home","BrandB",16665,1467,15197
"104","P_026","120275",4,0,"01/16/2026","Product 026","Clothing","BrandB",10837,1069,9768
"104","P_021","120269",3,0,"01/17/2026","Product 021","Grocery","BrandD",9637,1036,8602
"107","P_046","120249",2,0,"01/18/2026","Product 046","Electronics","BrandB",10896,820,10077
"105","P_030","120251",5,10,"01/19/2026","Product 030","Home","BrandB",16702,1982,14721
"104","P_010","120228",1,5,"01/20/2026","Product 010","Sports","BrandB",12386,1064,11320
"107","P_025","120089",2,15,"01/21/2026","Product 025","Electronics","BrandB",6902,1001,5901
"102","P_014","120268",4,20,"01/22/2026","Product 014","Grocery","BrandD",10827,981,9847
"104","P_012","109506",3,15,"01/23/2026","Product 012","Clothing","BrandD",17445,1574,15868
"101","P_007","120229",4,20,"01/24/2026","Product 007","Clothing","BrandD",16590,2152,14439
"101","P_042","120234",5,5,"01/25/2026","Product 042","Electronics","BrandD",11508,1274,10231
"104","P_035","120279",4,20,"01/26/2026","Product 035","Clothing","BrandC",6826,838,5988
"102","P_016","120191",4,0,"01/27/2026","Product 016","Grocery","BrandB",15418,1379,14042
"104","P_039","120217",2,15,"01/28/2026","Product 039","Electronics","BrandD",5689,693,4996
"102","P_048","120264",5,5,"01/29/2026","Product 048","Sports","BrandA",9082,949,8132
"108","P_037","120223",1,10,"01/30/2026","Product 037","Clothing","BrandB",15982,1299,14686
"102","P_042","120276",1,5,"01/31/2026","Product 042","Electronics","BrandD",9768,774,8994
"106","P_041","120759",5,20,"02/01/2026","Product 041","Home","BrandB",23202,2287,20916
"107","P_029","120674",1,0,"02/02/2026","Product 029","Home","BrandB",23570,2197,21377
"105","P_026","120749",4,0,"02/03/2026","Product 026","Clothing","BrandB",20055,1921,18136
"106","P_010","120765",5,15,"02/04/2026","Product 010","Sports","BrandB",24527,2146,22383
"106","P_034","120756",2,0,"02/05/2026","Product 034","Electronics","BrandD",32152,3495,28656
"102","P_046","109799",5,5,"02/06/2026","Product 046","Electronics","BrandB",21986,1449,20537
"101","P_040","120772",5,15,"02/07/2026","Product 040","Grocery","BrandA",16570,1390,15183
"105","P_025","120741",5,10,"02/08/2026","Product 025","Electronics","BrandB",25297,2666,22631
"105","P_045","120762",5,5,"02/09/2026","Product 045","Grocery","BrandA",28098,2908,25189
"107","P_010","109865",4,15,"02/10/2026","Product 010","Sports","BrandB",9982,498,9481
"108","P_024","120775",1,0,"02/11/2026","Product 024","Electronics","BrandC",27818,2221,25602
"106","P_043","120761",1,10,"02/12/2026","Product 043","Home","BrandA",27491,3145,24343
"108","P_026","120770",1,20,"02/13/2026","Product 026","Clothing","BrandB",22215,2191,20020
"103","P_008","109966",1,0,"02/14/2026","Product 008","Clothing","BrandC",34722,3218,31505
"107","P_013","109796",2,10,"02/15/2026","Product 013","Sports","BrandB",27919,3758,24166
"108","P_008","120764",4,10,"02/16/2026","Product 008","Clothing","BrandC",15554,1467,14085
"106","P_033","120754",5,20,"02/17/2026","Product 033","Home","BrandC",17227,2239,14990
"102","P_035","109898",3,10,"02/18/2026","Product 035","Clothing","BrandC",28992,2341,26651
"107","P_010","109762",1,5,"02/19/2026","Product 010","Sports","BrandB",26539,2951,23590
"103","P_036","120771",4,5,"02/20/2026","Product 036","Sports","BrandD",20124,1570,18554
"104","P_007","120755",5,5,"02/21/2026","Product 007","Clothing","BrandD",26431,2827,23608
"104","P_027","120758",4,5,"02/22/2026","Product 027","Clothing","BrandD",20847,1469,19378
"107","P_009","120776",2,5,"02/23/2026","Product 009","Clothing","BrandC",17293,1557,15735
"106","P_015","120766",1,0,"02/24/2026","Product 015","Home","BrandD",11176,705,10473
"101","P_010","120774",4,10,"02/25/2026","Product 010","Sports","BrandB",27916,2478,25442
"105","P_021","120718",5,5,"02/26/2026","Product 021","Grocery","BrandD",19438,1432,18005
"102","P_039","120757",2,10,"02/27/2026","Product 039","Electronics","BrandD",20956,2424,18533
"101","P_010","120767",1,0,"02/28/2026","Product 010","Sports","BrandB",21954,2596,19356
"102","P_049","110172",5,15,"03/01/2026","Product 049","Grocery","BrandD",21398,2798,18602
"101","P_005","121192",3,0,"03/02/2026","Product 005","Sports","BrandD",17673,1742,15928
"107","P_040","110539",1,10,"03/03/2026","Product 040","Grocery","BrandA",15214,1231,13983
"101","P_011","121189",1,10,"03/04/2026","Product 011","Home","BrandA",5366,703,4662
"106","P_005","121205",4,10,"03/05/2026","Product 005","Sports","BrandD",13546,1556,11988
"102","P_026","121203",2,10,"03/06/2026","Product 026","Clothing","BrandB",23801,2409,21392
"104","P_035","121204",3,5,"03/07/2026","Product 035","Clothing","BrandC",19531,2239,17290
"103","P_011","110481",4,15,"03/08/2026","Product 011","Home","BrandA",22045,2173,19870
"108","P_050","110259",2,5,"03/09/2026","Product 050","Home","BrandB",14121,1213,12910
"102","P_043","121209",1,0,"03/10/2026","Product 043","Home","BrandA",25309,2434,22875
"105","P_042","121207",1,15,"03/11/2026","Product 042","Electronics","BrandD",17211,1530,15681
"104","P_021","121214",3,10,"03/12/2026","Product 021","Grocery","BrandD",11448,712,10738
"104","P_013","121199",1,15,"03/13/2026","Product 013","Sports","BrandB",21465,2420,19046
"101","P_029","121210",2,20,"03/14/2026","Product 029","Home","BrandB",10317,1007,9308
"107","P_040","121184",5,5,"03/15/2026","Product 040","Grocery","BrandA",14698,2127,12572
"104","P_022","121150",1,20,"03/16/2026","Product 022","Sports","BrandB",9021,1413,7606
"107","P_013","121064",2,5,"03/17/2026","Product 013","Sports","BrandB",10871,1164,9709
"101","P_023","121133",5,20,"03/18/2026","Product 023","Home","BrandA",23210,2912,20299
"102","P_008","121195",5,5,"03/19/2026","Product 008","Clothing","BrandC",12519,1300,11219
"106","P_007","121201",5,0,"03/20/2026","Product 007","Clothing","BrandD",19895,1831,18062
"102","P_026","121153",2,5,"03/21/2026","Product 026","Clothing","BrandB",9325,890,8434
"104","P_045","121188",4,5,"03/22/2026","Product 045","Grocery","BrandA",13089,1395,11693
"104","P_035","121141",3,15,"03/23/2026","Product 035","Clothing","BrandC",19137,1621,17516
"104","P_036","121197",5,10,"03/24/2026","Product 036","Sports","BrandD",10175,946,9231
"106","P_034","121211",1,15,"03/25/2026","Product 034","Electronics","BrandD",21712,2506,19204
"104","P_005","121215",5,15,"03/26/2026","Product 005","Sports","BrandD",17503,2077,15429
"106","P_007","121208",2,15,"03/27/2026","Product 007","Clothing","BrandD",10639,1097,9542
"101","P_016","121172",5,10,"03/28/2026","Product 016","Grocery","BrandB",24721,2575,22146
"107","P_002","121167",1,20,"03/29/2026","Product 002","Sports","BrandC",17164,1719,15438
"102","P_009","110380",1,15,"03/30/2026","Product 009","Clothing","BrandC",25437,2860,22582
"105","P_011","121202",2,0,"03/31/2026","Product 011","Home","BrandA",17370,1279,16089
"103","P_027","110490",2,15,,"Product 027","Clothing","BrandD",115668,10481,105174
