TRANSACTION_DATE,QUANTITY,STORE_ID,DISCOUNT_PERCENT,PRODUCT_ID,TRANSACTION_ID,NEW_DATE,NEW_DISCOUNT,NEW_QUANTITY,PRODUCT_ID,PRODUCT_NAME,CATEGORY,BRAND,COST_PRICE,UNIT_PRICE,STORE_ID,STORE_NAME,CITY,STATE,REASON_TO_REJECT
3/24/2025,5,103,10,,115931,24-03-2025,10,5,,,,,,,103,Store 103,Delhi,DL,UNIT_PRICE_NULL
03-07-2026,5,108,10,,120798,07-03-2026,10,5,,,,,,,108,Store 108,Chennai,TN,UNIT_PRICE_NULL
04-07-2024,5,,10,P_005,100024,07-04-2024,10,5,P_005,Product 005,Sports,BrandD,58.75,90.98,,,,,STORE_ID_NULL
2026/13/40,5,101,15,P_039,100035,,15,5,P_039,Product 039,Electronics,BrandD,179.34,242.93,101,Store 101,Noida,UP,INVALID_DATE
04-12-2024,4,104,10,,100048,12-04-2024,10,4,,,,,,,104,Store 104,Bengaluru,KA,UNIT_PRICE_NULL
04-10-2024,1,106,10,,100059,10-04-2024,10,1,,,,,,,106,Store 106,Pune,MH,UNIT_PRICE_NULL
2026/13/40,4,105,10,P_014,100095,,10,4,P_014,Product 014,Grocery,BrandD,191.33,306.92,105,Store 105,Hyderabad,TS,INVALID_DATE
2026/13/40,3,106,5,P_003,100100,,5,3,P_003,Product 003,Clothing,BrandD,95.83,145.24,106,Store 106,Pune,MH,INVALID_DATE
4/22/2024,5,102,10,,100103,22-04-2024,10,5,,,,,,,102,Store 102,Gurugram,HR,UNIT_PRICE_NULL
4/19/2024,0,103,10,P_005,100106,19-04-2024,10,0,P_005,Product 005,Sports,BrandD,58.75,90.98,103,Store 103,Delhi,DL,QUANTITY_ZERO
4/22/2024,5,107,150,P_033,100125,22-04-2024,150,5,P_033,Product 033,Home,BrandC,17.69,29.81,107,Store 107,Mumbai,MH,INVALID_DISCOUNT
04-06-2024,2,103,150,P_040,100134,06-04-2024,150,2,P_040,Product 040,Grocery,BrandA,196.15,286.01,103,Store 103,Delhi,DL,INVALID_DISCOUNT
04-12-2024,4,103,150,P_037,100141,12-04-2024,150,4,P_037,Product 037,Clothing,BrandB,67.57,108.84,103,Store 103,Delhi,DL,INVALID_DISCOUNT
4/24/2024,3,101,5,,100156,24-04-2024,5,3,,,,,,,101,Store 101,Noida,UP,UNIT_PRICE_NULL
2026/13/40,1,103,15,P_049,100178,,15,1,P_049,Product 049,Grocery,BrandD,372.65,441.43,103,Store 103,Delhi,DL,INVALID_DATE
4/18/2024,3,106,20,,100185,18-04-2024,20,3,,,,,,,106,Store 106,Pune,MH,UNIT_PRICE_NULL
2026/13/40,3,107,15,P_007,100191,,15,3,P_007,Product 007,Clothing,BrandD,133.42,217.47,107,Store 107,Mumbai,MH,INVALID_DATE
04-06-2024,3,102,5,,100225,06-04-2024,5,3,,,,,,,102,Store 102,Gurugram,HR,UNIT_PRICE_NULL
4/14/2024,2,105,10,,100243,14-04-2024,10,2,,,,,,,105,Store 105,Hyderabad,TS,UNIT_PRICE_NULL
04-04-2024,4,102,5,,100277,04-04-2024,5,4,,,,,,,102,Store 102,Gurugram,HR,UNIT_PRICE_NULL
2026/13/40,4,103,0,P_005,100282,,0,4,P_005,Product 005,Sports,BrandD,58.75,90.98,103,Store 103,Delhi,DL,INVALID_DATE
04-04-2024,4,104,150,P_045,100304,04-04-2024,150,4,P_045,Product 045,Grocery,BrandA,68.92,109.5,104,Store 104,Bengaluru,KA,INVALID_DISCOUNT
4/28/2024,1,,10,P_019,100306,28-04-2024,10,1,P_019,Product 019,Electronics,BrandB,170.91,230.23,,,,,STORE_ID_NULL
4/28/2024,5,106,15,,100306,28-04-2024,15,5,,,,,,,106,Store 106,Pune,MH,UNIT_PRICE_NULL
4/27/2024,0,102,0,P_049,100331,27-04-2024,0,0,P_049,Product 049,Grocery,BrandD,372.65,441.43,102,Store 102,Gurugram,HR,QUANTITY_ZERO
04-03-2024,1,108,5,,100332,03-04-2024,5,1,,,,,,,108,Store 108,Chennai,TN,UNIT_PRICE_NULL
2026/13/40,2,107,15,P_027,100354,,15,2,P_027,Product 027,Clothing,BrandD,116.38,197.63,107,Store 107,Mumbai,MH,INVALID_DATE
04-05-2024,1,103,150,P_044,100362,05-04-2024,150,1,P_044,Product 044,Grocery,BrandD,145.03,274.52,103,Store 103,Delhi,DL,INVALID_DISCOUNT
2026/13/40,4,105,10,P_001,100376,,10,4,P_001,Product 001,Home,BrandD,291.46,482.98,105,Store 105,Hyderabad,TS,INVALID_DATE
2026/13/40,2,103,10,P_013,100402,,10,2,P_013,Product 013,Sports,BrandB,198.67,397.19,103,Store 103,Delhi,DL,INVALID_DATE
4/29/2024,4,101,5,,100403,29-04-2024,5,4,,,,,,,101,Store 101,Noida,UP,UNIT_PRICE_NULL
4/27/2024,0,107,0,P_045,100409,27-04-2024,0,0,P_045,Product 045,Grocery,BrandA,68.92,109.5,107,Store 107,Mumbai,MH,QUANTITY_ZERO
4/13/2024,1,,0,P_017,100410,13-04-2024,0,1,P_017,Product 017,Home,BrandB,314.84,458.33,,,,,STORE_ID_NULL
2026/13/40,5,107,20,P_037,100415,,20,5,P_037,Product 037,Clothing,BrandB,67.57,108.84,107,Store 107,Mumbai,MH,INVALID_DATE
04-07-2024,0,101,20,P_013,100438,07-04-2024,20,0,P_013,Product 013,Sports,BrandB,198.67,397.19,101,Store 101,Noida,UP,QUANTITY_ZERO
2026/13/40,5,106,15,P_021,100478,,15,5,P_021,Product 021,Grocery,BrandD,112.23,191.7,106,Store 106,Pune,MH,INVALID_DATE
4/27/2024,5,107,20,,100482,27-04-2024,20,5,,,,,,,107,Store 107,Mumbai,MH,UNIT_PRICE_NULL
4/22/2024,3,107,20,,100485,22-04-2024,20,3,,,,,,,107,Store 107,Mumbai,MH,UNIT_PRICE_NULL
5/27/2024,1,103,150,P_010,100495,27-05-2024,150,1,P_010,Product 010,Sports,BrandB,13.81,16.9,103,Store 103,Delhi,DL,INVALID_DISCOUNT
5/16/2024,3,108,5,,100559,16-05-2024,5,3,,,,,,,108,Store 108,Chennai,TN,UNIT_PRICE_NULL
5/22/2024,5,102,150,P_039,100564,22-05-2024,150,5,P_039,Product 039,Electronics,BrandD,179.34,242.93,102,Store 102,Gurugram,HR,INVALID_DISCOUNT
05-11-2024,3,,10,P_020,100575,11-05-2024,10,3,P_020,Product 020,Home,BrandB,33.73,56.75,,,,,STORE_ID_NULL
2026/13/40,1,101,20,P_047,100584,,20,1,P_047,Product 047,Grocery,BrandC,237.02,303.44,101,Store 101,Noida,UP,INVALID_DATE
5/31/2024,2,,10,P_038,100591,31-05-2024,10,2,P_038,Product 038,Sports,BrandC,324.13,448.92,,,,,STORE_ID_NULL
5/25/2024,3,105,15,,100599,25-05-2024,15,3,,,,,,,105,Store 105,Hyderabad,TS,UNIT_PRICE_NULL
5/25/2024,5,107,5,,100602,25-05-2024,5,5,,,,,,,107,Store 107,Mumbai,MH,UNIT_PRICE_NULL
5/20/2024,0,101,20,P_008,100632,20-05-2024,20,0,P_008,Product 008,Clothing,BrandC,110.44,203.49,101,Store 101,Noida,UP,QUANTITY_ZERO
5/29/2024,3,101,5,,100653,29-05-2024,5,3,,,,,,,101,Store 101,Noida,UP,UNIT_PRICE_NULL
05-10-2024,2,,10,P_003,100656,10-05-2024,10,2,P_003,Product 003,Clothing,BrandD,95.83,145.24,,,,,STORE_ID_NULL
5/15/2024,4,,0,P_047,100660,15-05-2024,0,4,P_047,Product 047,Grocery,BrandC,237.02,303.44,,,,,STORE_ID_NULL
5/26/2024,4,108,20,,100668,26-05-2024,20,4,,,,,,,108,Store 108,Chennai,TN,UNIT_PRICE_NULL
5/31/2024,4,,10,P_017,100695,31-05-2024,10,4,P_017,Product 017,Home,BrandB,314.84,458.33,,,,,STORE_ID_NULL
05-05-2024,0,101,0,P_039,100722,05-05-2024,0,0,P_039,Product 039,Electronics,BrandD,179.34,242.93,101,Store 101,Noida,UP,QUANTITY_ZERO
5/25/2024,0,107,10,P_011,100744,25-05-2024,10,0,P_011,Product 011,Home,BrandA,63.95,107.43,107,Store 107,Mumbai,MH,QUANTITY_ZERO
2026/13/40,4,101,0,P_026,100764,,0,4,P_026,Product 026,Clothing,BrandB,148.98,285.01,101,Store 101,Noida,UP,INVALID_DATE
05-08-2024,1,103,20,,100767,08-05-2024,20,1,,,,,,,103,Store 103,Delhi,DL,UNIT_PRICE_NULL
5/27/2024,4,102,0,,100777,27-05-2024,0,4,,,,,,,102,Store 102,Gurugram,HR,UNIT_PRICE_NULL
5/18/2024,0,107,5,P_015,100785,18-05-2024,5,0,P_015,Product 015,Home,BrandD,281.43,463.89,107,Store 107,Mumbai,MH,QUANTITY_ZERO
2026/13/40,4,102,0,P_015,100787,,0,4,P_015,Product 015,Home,BrandD,281.43,463.89,102,Store 102,Gurugram,HR,INVALID_DATE
2026/13/40,4,102,0,P_015,100787,,0,4,P_015,Product 015,Home,BrandD,281.43,463.89,102,Store 102,Gurugram,HR,INVALID_DATE
05-02-2024,0,106,15,P_036,100818,02-05-2024,15,0,P_036,Product 036,Sports,BrandD,115.24,225.27,106,Store 106,Pune,MH,QUANTITY_ZERO
5/24/2024,0,108,15,P_041,100820,24-05-2024,15,0,P_041,Product 041,Home,BrandB,230.38,350.8,108,Store 108,Chennai,TN,QUANTITY_ZERO
5/24/2024,0,108,15,P_041,100820,24-05-2024,15,0,P_041,Product 041,Home,BrandB,230.38,350.8,108,Store 108,Chennai,TN,QUANTITY_ZERO
05-07-2024,0,106,0,P_001,100836,07-05-2024,0,0,P_001,Product 001,Home,BrandD,291.46,482.98,106,Store 106,Pune,MH,QUANTITY_ZERO
2026/13/40,2,108,15,P_019,100843,,15,2,P_019,Product 019,Electronics,BrandB,170.91,230.23,108,Store 108,Chennai,TN,INVALID_DATE
05-05-2024,3,103,5,,100846,05-05-2024,5,3,,,,,,,103,Store 103,Delhi,DL,UNIT_PRICE_NULL
5/21/2024,2,106,20,,100847,21-05-2024,20,2,,,,,,,106,Store 106,Pune,MH,UNIT_PRICE_NULL
5/17/2024,0,103,0,P_031,100850,17-05-2024,0,0,P_031,Product 031,Clothing,BrandD,69.33,125.63,103,Store 103,Delhi,DL,QUANTITY_ZERO
5/19/2024,1,,5,P_012,100852,19-05-2024,5,1,P_012,Product 012,Clothing,BrandD,260.56,358.56,,,,,STORE_ID_NULL
5/23/2024,5,102,150,P_040,100862,23-05-2024,150,5,P_040,Product 040,Grocery,BrandA,196.15,286.01,102,Store 102,Gurugram,HR,INVALID_DISCOUNT
5/22/2024,2,105,150,P_008,100867,22-05-2024,150,2,P_008,Product 008,Clothing,BrandC,110.44,203.49,105,Store 105,Hyderabad,TS,INVALID_DISCOUNT
05-05-2024,3,,20,P_028,100879,05-05-2024,20,3,P_028,Product 028,Grocery,BrandB,285.08,486.14,,,,,STORE_ID_NULL
05-01-2024,4,103,150,P_049,100899,01-05-2024,150,4,P_049,Product 049,Grocery,BrandD,372.65,441.43,103,Store 103,Delhi,DL,INVALID_DISCOUNT
05-01-2024,1,105,10,,100903,01-05-2024,10,1,,,,,,,105,Store 105,Hyderabad,TS,UNIT_PRICE_NULL
5/13/2024,2,104,0,,100935,13-05-2024,0,2,,,,,,,104,Store 104,Bengaluru,KA,UNIT_PRICE_NULL
5/26/2024,5,103,5,,100937,26-05-2024,5,5,,,,,,,103,Store 103,Delhi,DL,UNIT_PRICE_NULL
2026/13/40,3,106,5,P_037,100943,,5,3,P_037,Product 037,Clothing,BrandB,67.57,108.84,106,Store 106,Pune,MH,INVALID_DATE
6/23/2024,5,104,5,,100949,23-06-2024,5,5,,,,,,,104,Store 104,Bengaluru,KA,UNIT_PRICE_NULL
2026/13/40,5,108,10,P_001,100959,,10,5,P_001,Product 001,Home,BrandD,291.46,482.98,108,Store 108,Chennai,TN,INVALID_DATE
6/20/2024,0,101,0,P_017,100971,20-06-2024,0,0,P_017,Product 017,Home,BrandB,314.84,458.33,101,Store 101,Noida,UP,QUANTITY_ZERO
06-03-2024,4,108,0,,100980,03-06-2024,0,4,,,,,,,108,Store 108,Chennai,TN,UNIT_PRICE_NULL
2026/13/40,2,103,20,P_025,101001,,20,2,P_025,Product 025,Electronics,BrandB,92.74,144.61,103,Store 103,Delhi,DL,INVALID_DATE
06-03-2024,4,101,20,,101018,03-06-2024,20,4,,,,,,,101,Store 101,Noida,UP,UNIT_PRICE_NULL
2026/13/40,1,106,20,P_025,101022,,20,1,P_025,Product 025,Electronics,BrandB,92.74,144.61,106,Store 106,Pune,MH,INVALID_DATE
6/26/2024,2,103,0,,101022,26-06-2024,0,2,,,,,,,103,Store 103,Delhi,DL,UNIT_PRICE_NULL
6/26/2024,5,106,150,P_023,101022,26-06-2024,150,5,P_023,Product 023,Home,BrandA,193.9,336.3,106,Store 106,Pune,MH,INVALID_DISCOUNT
6/19/2024,0,105,15,P_013,101030,19-06-2024,15,0,P_013,Product 013,Sports,BrandB,198.67,397.19,105,Store 105,Hyderabad,TS,QUANTITY_ZERO
06-04-2024,3,104,150,P_038,101042,04-06-2024,150,3,P_038,Product 038,Sports,BrandC,324.13,448.92,104,Store 104,Bengaluru,KA,INVALID_DISCOUNT
06-06-2024,3,,5,P_024,101060,06-06-2024,5,3,P_024,Product 024,Electronics,BrandC,208.42,299.74,,,,,STORE_ID_NULL
6/24/2024,2,108,150,P_038,101061,24-06-2024,150,2,P_038,Product 038,Sports,BrandC,324.13,448.92,108,Store 108,Chennai,TN,INVALID_DISCOUNT
6/30/2024,0,108,0,P_032,101076,30-06-2024,0,0,P_032,Product 032,Home,BrandB,115.04,135.47,108,Store 108,Chennai,TN,QUANTITY_ZERO
06-06-2024,3,,15,P_037,101079,06-06-2024,15,3,P_037,Product 037,Clothing,BrandB,67.57,108.84,,,,,STORE_ID_NULL
6/27/2024,2,106,150,P_029,101094,27-06-2024,150,2,P_029,Product 029,Home,BrandB,316.8,425.97,106,Store 106,Pune,MH,INVALID_DISCOUNT
06-08-2024,5,108,15,,101098,08-06-2024,15,5,,,,,,,108,Store 108,Chennai,TN,UNIT_PRICE_NULL
2026/13/40,1,107,20,P_049,101101,,20,1,P_049,Product 049,Grocery,BrandD,372.65,441.43,107,Store 107,Mumbai,MH,INVALID_DATE
6/13/2024,1,,10,P_002,101113,13-06-2024,10,1,P_002,Product 002,Sports,BrandC,165.08,307.45,,,,,STORE_ID_NULL
6/22/2024,3,102,0,,101124,22-06-2024,0,3,,,,,,,102,Store 102,Gurugram,HR,UNIT_PRICE_NULL
6/21/2024,0,101,10,P_023,101127,21-06-2024,10,0,P_023,Product 023,Home,BrandA,193.9,336.3,101,Store 101,Noida,UP,QUANTITY_ZERO
06-05-2024,5,,5,P_025,101130,05-06-2024,5,5,P_025,Product 025,Electronics,BrandB,92.74,144.61,,,,,STORE_ID_NULL
2026/13/40,3,101,0,P_047,101155,,0,3,P_047,Product 047,Grocery,BrandC,237.02,303.44,101,Store 101,Noida,UP,INVALID_DATE
06-12-2024,2,106,5,,101168,12-06-2024,5,2,,,,,,,106,Store 106,Pune,MH,UNIT_PRICE_NULL
6/14/2024,4,,15,P_043,101171,14-06-2024,15,4,P_043,Product 043,Home,BrandA,216.59,306.16,,,,,STORE_ID_NULL
06-09-2024,0,103,15,P_029,101182,09-06-2024,15,0,P_029,Product 029,Home,BrandB,316.8,425.97,103,Store 103,Delhi,DL,QUANTITY_ZERO
2026/13/40,2,108,5,P_042,101183,,5,2,P_042,Product 042,Electronics,BrandD,54.28,78.27,108,Store 108,Chennai,TN,INVALID_DATE
06-09-2024,0,105,5,P_048,101188,09-06-2024,5,0,P_048,Product 048,Sports,BrandA,232.9,350.44,105,Store 105,Hyderabad,TS,QUANTITY_ZERO
6/14/2024,5,106,15,,101194,14-06-2024,15,5,,,,,,,106,Store 106,Pune,MH,UNIT_PRICE_NULL
06-10-2024,5,107,5,,101215,10-06-2024,5,5,,,,,,,107,Store 107,Mumbai,MH,UNIT_PRICE_NULL
06-12-2024,0,104,5,P_047,101219,12-06-2024,5,0,P_047,Product 047,Grocery,BrandC,237.02,303.44,104,Store 104,Bengaluru,KA,QUANTITY_ZERO
6/16/2024,0,106,0,P_012,101256,16-06-2024,0,0,P_012,Product 012,Clothing,BrandD,260.56,358.56,106,Store 106,Pune,MH,QUANTITY_ZERO
06-07-2024,0,101,5,P_019,101267,07-06-2024,5,0,P_019,Product 019,Electronics,BrandB,170.91,230.23,101,Store 101,Noida,UP,QUANTITY_ZERO
06-03-2024,3,,20,P_028,101284,03-06-2024,20,3,P_028,Product 028,Grocery,BrandB,285.08,486.14,,,,,STORE_ID_NULL
06-07-2024,4,,5,P_030,101286,07-06-2024,5,4,P_030,Product 030,Home,BrandB,272.48,363.65,,,,,STORE_ID_NULL
6/21/2024,5,107,150,P_033,101287,21-06-2024,150,5,P_033,Product 033,Home,BrandC,17.69,29.81,107,Store 107,Mumbai,MH,INVALID_DISCOUNT
06-10-2024,2,103,20,,101293,10-06-2024,20,2,,,,,,,103,Store 103,Delhi,DL,UNIT_PRICE_NULL
06-12-2024,0,105,15,P_008,101309,12-06-2024,15,0,P_008,Product 008,Clothing,BrandC,110.44,203.49,105,Store 105,Hyderabad,TS,QUANTITY_ZERO
6/29/2024,5,,20,P_007,101317,29-06-2024,20,5,P_007,Product 007,Clothing,BrandD,133.42,217.47,,,,,STORE_ID_NULL
06-03-2024,2,,10,P_030,101321,03-06-2024,10,2,P_030,Product 030,Home,BrandB,272.48,363.65,,,,,STORE_ID_NULL
06-04-2024,0,101,5,P_028,101334,04-06-2024,5,0,P_028,Product 028,Grocery,BrandB,285.08,486.14,101,Store 101,Noida,UP,QUANTITY_ZERO
6/15/2024,0,105,10,P_021,101339,15-06-2024,10,0,P_021,Product 021,Grocery,BrandD,112.23,191.7,105,Store 105,Hyderabad,TS,QUANTITY_ZERO
06-10-2024,2,106,5,,101380,10-06-2024,5,2,,,,,,,106,Store 106,Pune,MH,UNIT_PRICE_NULL
06-10-2024,5,,0,P_042,101389,10-06-2024,0,5,P_042,Product 042,Electronics,BrandD,54.28,78.27,,,,,STORE_ID_NULL
7/28/2024,5,,20,P_005,101428,28-07-2024,20,5,P_005,Product 005,Sports,BrandD,58.75,90.98,,,,,STORE_ID_NULL
7/22/2024,4,104,150,P_001,101429,22-07-2024,150,4,P_001,Product 001,Home,BrandD,291.46,482.98,104,Store 104,Bengaluru,KA,INVALID_DISCOUNT
7/31/2024,2,103,10,,101430,31-07-2024,10,2,,,,,,,103,Store 103,Delhi,DL,UNIT_PRICE_NULL
2026/13/40,4,103,20,P_048,101436,,20,4,P_048,Product 048,Sports,BrandA,232.9,350.44,103,Store 103,Delhi,DL,INVALID_DATE
2026/13/40,4,103,20,P_048,101436,,20,4,P_048,Product 048,Sports,BrandA,232.9,350.44,103,Store 103,Delhi,DL,INVALID_DATE
7/27/2024,5,103,0,,101463,27-07-2024,0,5,,,,,,,103,Store 103,Delhi,DL,UNIT_PRICE_NULL
07-02-2024,3,106,15,,101470,02-07-2024,15,3,,,,,,,106,Store 106,Pune,MH,UNIT_PRICE_NULL
7/30/2024,0,106,10,P_035,101560,30-07-2024,10,0,P_035,Product 035,Clothing,BrandC,41.43,64.34,106,Store 106,Pune,MH,QUANTITY_ZERO
7/31/2024,0,101,5,P_026,101587,31-07-2024,5,0,P_026,Product 026,Clothing,BrandB,148.98,285.01,101,Store 101,Noida,UP,QUANTITY_ZERO
07-02-2024,3,106,150,P_046,101616,02-07-2024,150,3,P_046,Product 046,Electronics,BrandB,276,472,106,Store 106,Pune,MH,INVALID_DISCOUNT
7/30/2024,5,,20,P_006,101631,30-07-2024,20,5,P_006,Product 006,Grocery,BrandA,14.29,17.66,,,,,STORE_ID_NULL
7/16/2024,2,101,5,,101634,16-07-2024,5,2,,,,,,,101,Store 101,Noida,UP,UNIT_PRICE_NULL
07-03-2024,5,103,150,P_004,101669,03-07-2024,150,5,P_004,Product 004,Sports,BrandC,89.45,155.17,103,Store 103,Delhi,DL,INVALID_DISCOUNT
07-03-2024,0,101,20,P_029,101672,03-07-2024,20,0,P_029,Product 029,Home,BrandB,316.8,425.97,101,Store 101,Noida,UP,QUANTITY_ZERO
7/15/2024,0,102,0,P_006,101674,15-07-2024,0,0,P_006,Product 006,Grocery,BrandA,14.29,17.66,102,Store 102,Gurugram,HR,QUANTITY_ZERO
7/22/2024,2,101,150,P_014,101675,22-07-2024,150,2,P_014,Product 014,Grocery,BrandD,191.33,306.92,101,Store 101,Noida,UP,INVALID_DISCOUNT
07-01-2024,5,104,10,,101676,01-07-2024,10,5,,,,,,,104,Store 104,Bengaluru,KA,UNIT_PRICE_NULL
07-08-2024,4,,15,P_026,101690,08-07-2024,15,4,P_026,Product 026,Clothing,BrandB,148.98,285.01,,,,,STORE_ID_NULL
7/25/2024,4,101,20,,101693,25-07-2024,20,4,,,,,,,101,Store 101,Noida,UP,UNIT_PRICE_NULL
2026/13/40,5,106,15,P_026,101710,,15,5,P_026,Product 026,Clothing,BrandB,148.98,285.01,106,Store 106,Pune,MH,INVALID_DATE
7/28/2024,3,106,0,,101764,28-07-2024,0,3,,,,,,,106,Store 106,Pune,MH,UNIT_PRICE_NULL
07-04-2024,1,108,0,,101771,04-07-2024,0,1,,,,,,,108,Store 108,Chennai,TN,UNIT_PRICE_NULL
2026/13/40,1,107,20,P_016,101784,,20,1,P_016,Product 016,Grocery,BrandB,183.48,329.03,107,Store 107,Mumbai,MH,INVALID_DATE
7/28/2024,1,,5,P_015,101788,28-07-2024,5,1,P_015,Product 015,Home,BrandD,281.43,463.89,,,,,STORE_ID_NULL
7/30/2024,1,107,150,P_044,101796,30-07-2024,150,1,P_044,Product 044,Grocery,BrandD,145.03,274.52,107,Store 107,Mumbai,MH,INVALID_DISCOUNT
7/30/2024,1,107,150,P_044,101796,30-07-2024,150,1,P_044,Product 044,Grocery,BrandD,145.03,274.52,107,Store 107,Mumbai,MH,INVALID_DISCOUNT
7/30/2024,2,101,150,P_014,101800,30-07-2024,150,2,P_014,Product 014,Grocery,BrandD,191.33,306.92,101,Store 101,Noida,UP,INVALID_DISCOUNT
7/22/2024,3,106,5,,101812,22-07-2024,5,3,,,,,,,106,Store 106,Pune,MH,UNIT_PRICE_NULL
8/26/2024,0,105,0,P_010,101873,26-08-2024,0,0,P_010,Product 010,Sports,BrandB,13.81,16.9,105,Store 105,Hyderabad,TS,QUANTITY_ZERO
8/26/2024,2,101,0,,101881,26-08-2024,0,2,,,,,,,101,Store 101,Noida,UP,UNIT_PRICE_NULL
8/16/2024,1,,0,P_033,101893,16-08-2024,0,1,P_033,Product 033,Home,BrandC,17.69,29.81,,,,,STORE_ID_NULL
8/20/2024,3,,20,P_003,101901,20-08-2024,20,3,P_003,Product 003,Clothing,BrandD,95.83,145.24,,,,,STORE_ID_NULL
8/25/2024,5,105,10,,101911,25-08-2024,10,5,,,,,,,105,Store 105,Hyderabad,TS,UNIT_PRICE_NULL
08-12-2024,5,104,150,P_022,101919,12-08-2024,150,5,P_022,Product 022,Sports,BrandB,188.76,337.73,104,Store 104,Bengaluru,KA,INVALID_DISCOUNT
8/14/2024,2,107,15,,101927,14-08-2024,15,2,,,,,,,107,Store 107,Mumbai,MH,UNIT_PRICE_NULL
8/14/2024,2,107,15,,101927,14-08-2024,15,2,,,,,,,107,Store 107,Mumbai,MH,UNIT_PRICE_NULL
2026/13/40,4,105,0,P_024,101933,,0,4,P_024,Product 024,Electronics,BrandC,208.42,299.74,105,Store 105,Hyderabad,TS,INVALID_DATE
08-06-2024,0,102,5,P_031,101937,06-08-2024,5,0,P_031,Product 031,Clothing,BrandD,69.33,125.63,102,Store 102,Gurugram,HR,QUANTITY_ZERO
8/18/2024,2,108,15,,101949,18-08-2024,15,2,,,,,,,108,Store 108,Chennai,TN,UNIT_PRICE_NULL
08-06-2024,4,108,10,,101957,06-08-2024,10,4,,,,,,,108,Store 108,Chennai,TN,UNIT_PRICE_NULL
8/16/2024,5,105,0,,101972,16-08-2024,0,5,,,,,,,105,Store 105,Hyderabad,TS,UNIT_PRICE_NULL
08-10-2024,1,108,20,,101996,10-08-2024,20,1,,,,,,,108,Store 108,Chennai,TN,UNIT_PRICE_NULL
8/23/2024,4,,0,P_047,102010,23-08-2024,0,4,P_047,Product 047,Grocery,BrandC,237.02,303.44,,,,,STORE_ID_NULL
8/29/2024,4,102,150,P_031,102015,29-08-2024,150,4,P_031,Product 031,Clothing,BrandD,69.33,125.63,102,Store 102,Gurugram,HR,INVALID_DISCOUNT
8/29/2024,4,104,20,,102027,29-08-2024,20,4,,,,,,,104,Store 104,Bengaluru,KA,UNIT_PRICE_NULL
8/28/2024,5,103,15,,102031,28-08-2024,15,5,,,,,,,103,Store 103,Delhi,DL,UNIT_PRICE_NULL
8/19/2024,0,104,10,P_017,102032,19-08-2024,10,0,P_017,Product 017,Home,BrandB,314.84,458.33,104,Store 104,Bengaluru,KA,QUANTITY_ZERO
8/18/2024,1,108,150,P_023,102040,18-08-2024,150,1,P_023,Product 023,Home,BrandA,193.9,336.3,108,Store 108,Chennai,TN,INVALID_DISCOUNT
8/20/2024,3,,5,P_027,102043,20-08-2024,5,3,P_027,Product 027,Clothing,BrandD,116.38,197.63,,,,,STORE_ID_NULL
8/26/2024,3,104,150,P_007,102070,26-08-2024,150,3,P_007,Product 007,Clothing,BrandD,133.42,217.47,104,Store 104,Bengaluru,KA,INVALID_DISCOUNT
08-01-2024,1,104,5,,102071,01-08-2024,5,1,,,,,,,104,Store 104,Bengaluru,KA,UNIT_PRICE_NULL
2026/13/40,4,108,5,P_005,102081,,5,4,P_005,Product 005,Sports,BrandD,58.75,90.98,108,Store 108,Chennai,TN,INVALID_DATE
8/14/2024,4,,0,P_043,102100,14-08-2024,0,4,P_043,Product 043,Home,BrandA,216.59,306.16,,,,,STORE_ID_NULL
8/25/2024,4,,0,P_010,102101,25-08-2024,0,4,P_010,Product 010,Sports,BrandB,13.81,16.9,,,,,STORE_ID_NULL
08-06-2024,3,,5,P_042,102109,06-08-2024,5,3,P_042,Product 042,Electronics,BrandD,54.28,78.27,,,,,STORE_ID_NULL
08-02-2024,0,104,20,P_001,102112,02-08-2024,20,0,P_001,Product 001,Home,BrandD,291.46,482.98,104,Store 104,Bengaluru,KA,QUANTITY_ZERO
2026/13/40,3,105,20,P_022,102124,,20,3,P_022,Product 022,Sports,BrandB,188.76,337.73,105,Store 105,Hyderabad,TS,INVALID_DATE
8/15/2024,2,102,5,,102137,15-08-2024,5,2,,,,,,,102,Store 102,Gurugram,HR,UNIT_PRICE_NULL
2026/13/40,2,101,15,P_025,102155,,15,2,P_025,Product 025,Electronics,BrandB,92.74,144.61,101,Store 101,Noida,UP,INVALID_DATE
8/16/2024,2,,10,P_030,102172,16-08-2024,10,2,P_030,Product 030,Home,BrandB,272.48,363.65,,,,,STORE_ID_NULL
08-01-2024,3,102,10,,102209,01-08-2024,10,3,,,,,,,102,Store 102,Gurugram,HR,UNIT_PRICE_NULL
08-09-2024,2,,5,P_017,102238,09-08-2024,5,2,P_017,Product 017,Home,BrandB,314.84,458.33,,,,,STORE_ID_NULL
08-10-2024,4,,0,P_038,102248,10-08-2024,0,4,P_038,Product 038,Sports,BrandC,324.13,448.92,,,,,STORE_ID_NULL
8/26/2024,4,,20,P_050,102270,26-08-2024,20,4,P_050,Product 050,Home,BrandB,202.07,315.93,,,,,STORE_ID_NULL
2026/13/40,4,105,0,P_049,102295,,0,4,P_049,Product 049,Grocery,BrandD,372.65,441.43,105,Store 105,Hyderabad,TS,INVALID_DATE
9/16/2024,4,,5,P_008,102320,16-09-2024,5,4,P_008,Product 008,Clothing,BrandC,110.44,203.49,,,,,STORE_ID_NULL
09-12-2024,2,103,150,P_009,102328,12-09-2024,150,2,P_009,Product 009,Clothing,BrandC,96.09,153.81,103,Store 103,Delhi,DL,INVALID_DISCOUNT
09-09-2024,4,101,150,P_039,102350,09-09-2024,150,4,P_039,Product 039,Electronics,BrandD,179.34,242.93,101,Store 101,Noida,UP,INVALID_DISCOUNT
9/19/2024,4,108,150,P_019,102351,19-09-2024,150,4,P_019,Product 019,Electronics,BrandB,170.91,230.23,108,Store 108,Chennai,TN,INVALID_DISCOUNT
9/30/2024,1,107,0,,102361,30-09-2024,0,1,,,,,,,107,Store 107,Mumbai,MH,UNIT_PRICE_NULL
09-08-2024,1,106,0,,102366,08-09-2024,0,1,,,,,,,106,Store 106,Pune,MH,UNIT_PRICE_NULL
9/14/2024,2,106,15,,102374,14-09-2024,15,2,,,,,,,106,Store 106,Pune,MH,UNIT_PRICE_NULL
9/16/2024,5,,10,P_047,102404,16-09-2024,10,5,P_047,Product 047,Grocery,BrandC,237.02,303.44,,,,,STORE_ID_NULL
09-08-2024,4,106,10,,102409,08-09-2024,10,4,,,,,,,106,Store 106,Pune,MH,UNIT_PRICE_NULL
9/25/2024,1,,5,P_016,102419,25-09-2024,5,1,P_016,Product 016,Grocery,BrandB,183.48,329.03,,,,,STORE_ID_NULL
09-07-2024,5,101,5,,102480,07-09-2024,5,5,,,,,,,101,Store 101,Noida,UP,UNIT_PRICE_NULL
2026/13/40,3,101,5,P_019,102509,,5,3,P_019,Product 019,Electronics,BrandB,170.91,230.23,101,Store 101,Noida,UP,INVALID_DATE
09-07-2024,2,106,150,P_048,102523,07-09-2024,150,2,P_048,Product 048,Sports,BrandA,232.9,350.44,106,Store 106,Pune,MH,INVALID_DISCOUNT
9/19/2024,2,108,20,,102540,19-09-2024,20,2,,,,,,,108,Store 108,Chennai,TN,UNIT_PRICE_NULL
09-03-2024,5,104,150,P_020,102543,03-09-2024,150,5,P_020,Product 020,Home,BrandB,33.73,56.75,104,Store 104,Bengaluru,KA,INVALID_DISCOUNT
2026/13/40,4,102,0,P_007,102563,,0,4,P_007,Product 007,Clothing,BrandD,133.42,217.47,102,Store 102,Gurugram,HR,INVALID_DATE
09-02-2024,0,104,5,P_030,102574,02-09-2024,5,0,P_030,Product 030,Home,BrandB,272.48,363.65,104,Store 104,Bengaluru,KA,QUANTITY_ZERO
09-02-2024,0,104,5,P_030,102574,02-09-2024,5,0,P_030,Product 030,Home,BrandB,272.48,363.65,104,Store 104,Bengaluru,KA,QUANTITY_ZERO
09-01-2024,0,104,0,P_010,102581,01-09-2024,0,0,P_010,Product 010,Sports,BrandB,13.81,16.9,104,Store 104,Bengaluru,KA,QUANTITY_ZERO
2026/13/40,4,108,0,P_001,102594,,0,4,P_001,Product 001,Home,BrandD,291.46,482.98,108,Store 108,Chennai,TN,INVALID_DATE
9/23/2024,0,101,0,P_047,102601,23-09-2024,0,0,P_047,Product 047,Grocery,BrandC,237.02,303.44,101,Store 101,Noida,UP,QUANTITY_ZERO
10-03-2024,0,107,0,P_039,102629,03-10-2024,0,0,P_039,Product 039,Electronics,BrandD,179.34,242.93,107,Store 107,Mumbai,MH,QUANTITY_ZERO
2026/13/40,5,106,5,P_045,102633,,5,5,P_045,Product 045,Grocery,BrandA,68.92,109.5,106,Store 106,Pune,MH,INVALID_DATE
10/31/2024,1,105,10,,102638,31-10-2024,10,1,,,,,,,105,Store 105,Hyderabad,TS,UNIT_PRICE_NULL
2026/13/40,3,104,15,P_029,102641,,15,3,P_029,Product 029,Home,BrandB,316.8,425.97,104,Store 104,Bengaluru,KA,INVALID_DATE
2026/13/40,5,106,15,P_033,102645,,15,5,P_033,Product 033,Home,BrandC,17.69,29.81,106,Store 106,Pune,MH,INVALID_DATE
10-06-2024,3,,20,P_028,102685,06-10-2024,20,3,P_028,Product 028,Grocery,BrandB,285.08,486.14,,,,,STORE_ID_NULL
10/23/2024,2,101,0,,102686,23-10-2024,0,2,,,,,,,101,Store 101,Noida,UP,UNIT_PRICE_NULL
10/27/2024,3,102,150,P_030,102710,27-10-2024,150,3,P_030,Product 030,Home,BrandB,272.48,363.65,102,Store 102,Gurugram,HR,INVALID_DISCOUNT
10/30/2024,4,,0,P_012,102747,30-10-2024,0,4,P_012,Product 012,Clothing,BrandD,260.56,358.56,,,,,STORE_ID_NULL
10/28/2024,4,,20,P_036,102750,28-10-2024,20,4,P_036,Product 036,Sports,BrandD,115.24,225.27,,,,,STORE_ID_NULL
10-09-2024,3,102,150,P_028,102773,09-10-2024,150,3,P_028,Product 028,Grocery,BrandB,285.08,486.14,102,Store 102,Gurugram,HR,INVALID_DISCOUNT
10/16/2024,3,,15,P_049,102808,16-10-2024,15,3,P_049,Product 049,Grocery,BrandD,372.65,441.43,,,,,STORE_ID_NULL
10-09-2024,3,101,5,,102813,09-10-2024,5,3,,,,,,,101,Store 101,Noida,UP,UNIT_PRICE_NULL
10/21/2024,3,101,0,,102822,21-10-2024,0,3,,,,,,,101,Store 101,Noida,UP,UNIT_PRICE_NULL
2026/13/40,5,101,15,P_005,102829,,15,5,P_005,Product 005,Sports,BrandD,58.75,90.98,101,Store 101,Noida,UP,INVALID_DATE
2026/13/40,4,108,5,P_042,102852,,5,4,P_042,Product 042,Electronics,BrandD,54.28,78.27,108,Store 108,Chennai,TN,INVALID_DATE
10-04-2024,3,102,0,,102879,04-10-2024,0,3,,,,,,,102,Store 102,Gurugram,HR,UNIT_PRICE_NULL
2026/13/40,2,106,20,P_048,102888,,20,2,P_048,Product 048,Sports,BrandA,232.9,350.44,106,Store 106,Pune,MH,INVALID_DATE
10-11-2024,5,104,20,,102895,11-10-2024,20,5,,,,,,,104,Store 104,Bengaluru,KA,UNIT_PRICE_NULL
2026/13/40,4,103,20,P_018,102925,,20,4,P_018,Product 018,Sports,BrandB,285.64,426.52,103,Store 103,Delhi,DL,INVALID_DATE
10/22/2024,3,102,0,,102928,22-10-2024,0,3,,,,,,,102,Store 102,Gurugram,HR,UNIT_PRICE_NULL
10/21/2024,0,104,15,P_024,102932,21-10-2024,15,0,P_024,Product 024,Electronics,BrandC,208.42,299.74,104,Store 104,Bengaluru,KA,QUANTITY_ZERO
10-08-2024,0,104,15,P_016,102933,08-10-2024,15,0,P_016,Product 016,Grocery,BrandB,183.48,329.03,104,Store 104,Bengaluru,KA,QUANTITY_ZERO
10/29/2024,2,108,10,,102949,29-10-2024,10,2,,,,,,,108,Store 108,Chennai,TN,UNIT_PRICE_NULL
10-04-2024,2,106,150,P_031,102953,04-10-2024,150,2,P_031,Product 031,Clothing,BrandD,69.33,125.63,106,Store 106,Pune,MH,INVALID_DISCOUNT
2026/13/40,5,103,5,P_002,102954,,5,5,P_002,Product 002,Sports,BrandC,165.08,307.45,103,Store 103,Delhi,DL,INVALID_DATE
10/31/2024,3,107,20,,102959,31-10-2024,20,3,,,,,,,107,Store 107,Mumbai,MH,UNIT_PRICE_NULL
10/22/2024,3,104,10,,102960,22-10-2024,10,3,,,,,,,104,Store 104,Bengaluru,KA,UNIT_PRICE_NULL
10/13/2024,3,107,15,,102984,13-10-2024,15,3,,,,,,,107,Store 107,Mumbai,MH,UNIT_PRICE_NULL
2026/13/40,5,103,20,P_040,102987,,20,5,P_040,Product 040,Grocery,BrandA,196.15,286.01,103,Store 103,Delhi,DL,INVALID_DATE
10/30/2024,5,107,150,P_048,102990,30-10-2024,150,5,P_048,Product 048,Sports,BrandA,232.9,350.44,107,Store 107,Mumbai,MH,INVALID_DISCOUNT
10/18/2024,4,108,15,,103023,18-10-2024,15,4,,,,,,,108,Store 108,Chennai,TN,UNIT_PRICE_NULL
10/27/2024,5,106,15,,103036,27-10-2024,15,5,,,,,,,106,Store 106,Pune,MH,UNIT_PRICE_NULL
10/20/2024,0,102,5,P_007,103058,20-10-2024,5,0,P_007,Product 007,Clothing,BrandD,133.42,217.47,102,Store 102,Gurugram,HR,QUANTITY_ZERO
10-01-2024,5,,20,P_041,103069,01-10-2024,20,5,P_041,Product 041,Home,BrandB,230.38,350.8,,,,,STORE_ID_NULL
10-10-2024,1,103,150,P_035,103084,10-10-2024,150,1,P_035,Product 035,Clothing,BrandC,41.43,64.34,103,Store 103,Delhi,DL,INVALID_DISCOUNT
2026/13/40,1,104,5,P_023,103147,,5,1,P_023,Product 023,Home,BrandA,193.9,336.3,104,Store 104,Bengaluru,KA,INVALID_DATE
11/19/2024,0,104,15,P_019,103183,19-11-2024,15,0,P_019,Product 019,Electronics,BrandB,170.91,230.23,104,Store 104,Bengaluru,KA,QUANTITY_ZERO
11-07-2024,1,104,10,,103195,07-11-2024,10,1,,,,,,,104,Store 104,Bengaluru,KA,UNIT_PRICE_NULL
11/22/2024,2,104,150,P_027,103204,22-11-2024,150,2,P_027,Product 027,Clothing,BrandD,116.38,197.63,104,Store 104,Bengaluru,KA,INVALID_DISCOUNT
11-09-2024,1,,5,P_041,103237,09-11-2024,5,1,P_041,Product 041,Home,BrandB,230.38,350.8,,,,,STORE_ID_NULL
11/28/2024,5,,0,P_016,103281,28-11-2024,0,5,P_016,Product 016,Grocery,BrandB,183.48,329.03,,,,,STORE_ID_NULL
2026/13/40,1,107,15,P_020,103282,,15,1,P_020,Product 020,Home,BrandB,33.73,56.75,107,Store 107,Mumbai,MH,INVALID_DATE
11/24/2024,2,104,0,,103290,24-11-2024,0,2,,,,,,,104,Store 104,Bengaluru,KA,UNIT_PRICE_NULL
2026/13/40,2,104,0,P_032,103301,,0,2,P_032,Product 032,Home,BrandB,115.04,135.47,104,Store 104,Bengaluru,KA,INVALID_DATE
11/15/2024,4,,15,P_048,103337,15-11-2024,15,4,P_048,Product 048,Sports,BrandA,232.9,350.44,,,,,STORE_ID_NULL
2026/13/40,2,102,15,P_007,103339,,15,2,P_007,Product 007,Clothing,BrandD,133.42,217.47,102,Store 102,Gurugram,HR,INVALID_DATE
11/13/2024,5,,5,P_022,103360,13-11-2024,5,5,P_022,Product 022,Sports,BrandB,188.76,337.73,,,,,STORE_ID_NULL
11/30/2024,5,106,5,,103363,30-11-2024,5,5,,,,,,,106,Store 106,Pune,MH,UNIT_PRICE_NULL
11/15/2024,0,102,15,P_015,103384,15-11-2024,15,0,P_015,Product 015,Home,BrandD,281.43,463.89,102,Store 102,Gurugram,HR,QUANTITY_ZERO
11-12-2024,2,106,20,,103389,12-11-2024,20,2,,,,,,,106,Store 106,Pune,MH,UNIT_PRICE_NULL
11/29/2024,2,108,0,,103410,29-11-2024,0,2,,,,,,,108,Store 108,Chennai,TN,UNIT_PRICE_NULL
11/13/2024,4,106,150,P_026,103441,13-11-2024,150,4,P_026,Product 026,Clothing,BrandB,148.98,285.01,106,Store 106,Pune,MH,INVALID_DISCOUNT
11/27/2024,5,104,0,,103476,27-11-2024,0,5,,,,,,,104,Store 104,Bengaluru,KA,UNIT_PRICE_NULL
11/27/2024,5,104,0,,103476,27-11-2024,0,5,,,,,,,104,Store 104,Bengaluru,KA,UNIT_PRICE_NULL
2026/13/40,4,103,15,P_027,103495,,15,4,P_027,Product 027,Clothing,BrandD,116.38,197.63,103,Store 103,Delhi,DL,INVALID_DATE
11/16/2024,3,108,5,,103505,16-11-2024,5,3,,,,,,,108,Store 108,Chennai,TN,UNIT_PRICE_NULL
11/23/2024,4,102,15,,103509,23-11-2024,15,4,,,,,,,102,Store 102,Gurugram,HR,UNIT_PRICE_NULL
11-06-2024,0,104,0,P_003,103529,06-11-2024,0,0,P_003,Product 003,Clothing,BrandD,95.83,145.24,104,Store 104,Bengaluru,KA,QUANTITY_ZERO
2026/13/40,5,105,15,P_018,103557,,15,5,P_018,Product 018,Sports,BrandB,285.64,426.52,105,Store 105,Hyderabad,TS,INVALID_DATE
11/25/2024,2,108,20,,103572,25-11-2024,20,2,,,,,,,108,Store 108,Chennai,TN,UNIT_PRICE_NULL
12/25/2024,4,,15,P_033,103660,25-12-2024,15,4,P_033,Product 033,Home,BrandC,17.69,29.81,,,,,STORE_ID_NULL
2026/13/40,3,101,10,P_042,103679,,10,3,P_042,Product 042,Electronics,BrandD,54.28,78.27,101,Store 101,Noida,UP,INVALID_DATE
12/28/2024,2,104,150,P_041,103683,28-12-2024,150,2,P_041,Product 041,Home,BrandB,230.38,350.8,104,Store 104,Bengaluru,KA,INVALID_DISCOUNT
12/17/2024,2,101,150,P_008,103697,17-12-2024,150,2,P_008,Product 008,Clothing,BrandC,110.44,203.49,101,Store 101,Noida,UP,INVALID_DISCOUNT
2026/13/40,3,105,0,P_045,103702,,0,3,P_045,Product 045,Grocery,BrandA,68.92,109.5,105,Store 105,Hyderabad,TS,INVALID_DATE
12-11-2024,2,,10,P_045,103716,11-12-2024,10,2,P_045,Product 045,Grocery,BrandA,68.92,109.5,,,,,STORE_ID_NULL
12-08-2024,5,,20,P_023,103730,08-12-2024,20,5,P_023,Product 023,Home,BrandA,193.9,336.3,,,,,STORE_ID_NULL
12-09-2024,4,,20,P_015,103745,09-12-2024,20,4,P_015,Product 015,Home,BrandD,281.43,463.89,,,,,STORE_ID_NULL
12-02-2024,3,106,10,,103746,02-12-2024,10,3,,,,,,,106,Store 106,Pune,MH,UNIT_PRICE_NULL
12/21/2024,4,107,20,,103761,21-12-2024,20,4,,,,,,,107,Store 107,Mumbai,MH,UNIT_PRICE_NULL
12/15/2024,2,105,150,P_015,103792,15-12-2024,150,2,P_015,Product 015,Home,BrandD,281.43,463.89,105,Store 105,Hyderabad,TS,INVALID_DISCOUNT
12/30/2024,2,,5,P_022,103811,30-12-2024,5,2,P_022,Product 022,Sports,BrandB,188.76,337.73,,,,,STORE_ID_NULL
12/21/2024,3,101,20,,103812,21-12-2024,20,3,,,,,,,101,Store 101,Noida,UP,UNIT_PRICE_NULL
12-08-2024,5,103,20,,103824,08-12-2024,20,5,,,,,,,103,Store 103,Delhi,DL,UNIT_PRICE_NULL
12/26/2024,4,102,150,P_036,103844,26-12-2024,150,4,P_036,Product 036,Sports,BrandD,115.24,225.27,102,Store 102,Gurugram,HR,INVALID_DISCOUNT
12/21/2024,0,104,20,P_015,103850,21-12-2024,20,0,P_015,Product 015,Home,BrandD,281.43,463.89,104,Store 104,Bengaluru,KA,QUANTITY_ZERO
12/26/2024,3,108,150,P_044,103860,26-12-2024,150,3,P_044,Product 044,Grocery,BrandD,145.03,274.52,108,Store 108,Chennai,TN,INVALID_DISCOUNT
12/13/2024,1,102,150,P_023,103900,13-12-2024,150,1,P_023,Product 023,Home,BrandA,193.9,336.3,102,Store 102,Gurugram,HR,INVALID_DISCOUNT
12-06-2024,2,106,150,P_042,103928,06-12-2024,150,2,P_042,Product 042,Electronics,BrandD,54.28,78.27,106,Store 106,Pune,MH,INVALID_DISCOUNT
12-06-2024,2,106,150,P_042,103928,06-12-2024,150,2,P_042,Product 042,Electronics,BrandD,54.28,78.27,106,Store 106,Pune,MH,INVALID_DISCOUNT
2026/13/40,3,106,10,P_042,103953,,10,3,P_042,Product 042,Electronics,BrandD,54.28,78.27,106,Store 106,Pune,MH,INVALID_DATE
2026/13/40,3,106,10,P_042,103953,,10,3,P_042,Product 042,Electronics,BrandD,54.28,78.27,106,Store 106,Pune,MH,INVALID_DATE
2026/13/40,1,104,10,P_004,103972,,10,1,P_004,Product 004,Sports,BrandC,89.45,155.17,104,Store 104,Bengaluru,KA,INVALID_DATE
12/17/2024,0,106,15,P_002,103978,17-12-2024,15,0,P_002,Product 002,Sports,BrandC,165.08,307.45,106,Store 106,Pune,MH,QUANTITY_ZERO
12/29/2024,3,105,5,,103999,29-12-2024,5,3,,,,,,,105,Store 105,Hyderabad,TS,UNIT_PRICE_NULL
12/22/2024,4,,20,P_048,104023,22-12-2024,20,4,P_048,Product 048,Sports,BrandA,232.9,350.44,,,,,STORE_ID_NULL
12-08-2024,5,107,15,,104028,08-12-2024,15,5,,,,,,,107,Store 107,Mumbai,MH,UNIT_PRICE_NULL
12/15/2024,3,101,0,,104054,15-12-2024,0,3,,,,,,,101,Store 101,Noida,UP,UNIT_PRICE_NULL
01-11-2025,1,102,5,,104068,11-01-2025,5,1,,,,,,,102,Store 102,Gurugram,HR,UNIT_PRICE_NULL
01-11-2025,1,102,5,,104068,11-01-2025,5,1,,,,,,,102,Store 102,Gurugram,HR,UNIT_PRICE_NULL
01-11-2025,2,,15,P_008,104080,11-01-2025,15,2,P_008,Product 008,Clothing,BrandC,110.44,203.49,,,,,STORE_ID_NULL
01-04-2025,3,101,150,P_043,104096,04-01-2025,150,3,P_043,Product 043,Home,BrandA,216.59,306.16,101,Store 101,Noida,UP,INVALID_DISCOUNT
1/26/2025,5,105,5,,104102,26-01-2025,5,5,,,,,,,105,Store 105,Hyderabad,TS,UNIT_PRICE_NULL
1/22/2025,0,103,10,P_008,104142,22-01-2025,10,0,P_008,Product 008,Clothing,BrandC,110.44,203.49,103,Store 103,Delhi,DL,QUANTITY_ZERO
1/16/2025,5,,10,P_047,104144,16-01-2025,10,5,P_047,Product 047,Grocery,BrandC,237.02,303.44,,,,,STORE_ID_NULL
01-04-2025,4,,5,P_044,104146,04-01-2025,5,4,P_044,Product 044,Grocery,BrandD,145.03,274.52,,,,,STORE_ID_NULL
01-12-2025,1,105,5,,104159,12-01-2025,5,1,,,,,,,105,Store 105,Hyderabad,TS,UNIT_PRICE_NULL
1/13/2025,2,106,5,,104162,13-01-2025,5,2,,,,,,,106,Store 106,Pune,MH,UNIT_PRICE_NULL
1/18/2025,2,,0,P_003,104184,18-01-2025,0,2,P_003,Product 003,Clothing,BrandD,95.83,145.24,,,,,STORE_ID_NULL
01-01-2025,4,104,5,,104203,01-01-2025,5,4,,,,,,,104,Store 104,Bengaluru,KA,UNIT_PRICE_NULL
2026/13/40,1,103,10,P_020,104213,,10,1,P_020,Product 020,Home,BrandB,33.73,56.75,103,Store 103,Delhi,DL,INVALID_DATE
2026/13/40,2,108,15,P_026,104214,,15,2,P_026,Product 026,Clothing,BrandB,148.98,285.01,108,Store 108,Chennai,TN,INVALID_DATE
1/17/2025,3,107,150,P_010,104258,17-01-2025,150,3,P_010,Product 010,Sports,BrandB,13.81,16.9,107,Store 107,Mumbai,MH,INVALID_DISCOUNT
01-08-2025,4,104,5,,104298,08-01-2025,5,4,,,,,,,104,Store 104,Bengaluru,KA,UNIT_PRICE_NULL
01-10-2025,4,,10,P_015,104300,10-01-2025,10,4,P_015,Product 015,Home,BrandD,281.43,463.89,,,,,STORE_ID_NULL
01-08-2025,0,103,15,P_018,104302,08-01-2025,15,0,P_018,Product 018,Sports,BrandB,285.64,426.52,103,Store 103,Delhi,DL,QUANTITY_ZERO
01-08-2025,0,103,15,P_018,104302,08-01-2025,15,0,P_018,Product 018,Sports,BrandB,285.64,426.52,103,Store 103,Delhi,DL,QUANTITY_ZERO
2026/13/40,4,108,15,P_039,104306,,15,4,P_039,Product 039,Electronics,BrandD,179.34,242.93,108,Store 108,Chennai,TN,INVALID_DATE
1/27/2025,2,102,150,P_024,104338,27-01-2025,150,2,P_024,Product 024,Electronics,BrandC,208.42,299.74,102,Store 102,Gurugram,HR,INVALID_DISCOUNT
1/28/2025,4,101,150,P_036,104358,28-01-2025,150,4,P_036,Product 036,Sports,BrandD,115.24,225.27,101,Store 101,Noida,UP,INVALID_DISCOUNT
1/29/2025,2,108,20,,104394,29-01-2025,20,2,,,,,,,108,Store 108,Chennai,TN,UNIT_PRICE_NULL
01-04-2025,4,108,0,,104411,04-01-2025,0,4,,,,,,,108,Store 108,Chennai,TN,UNIT_PRICE_NULL
01-05-2025,2,107,20,,104414,05-01-2025,20,2,,,,,,,107,Store 107,Mumbai,MH,UNIT_PRICE_NULL
01-05-2025,2,107,20,,104414,05-01-2025,20,2,,,,,,,107,Store 107,Mumbai,MH,UNIT_PRICE_NULL
1/28/2025,3,103,150,P_007,104435,28-01-2025,150,3,P_007,Product 007,Clothing,BrandD,133.42,217.47,103,Store 103,Delhi,DL,INVALID_DISCOUNT
2026/13/40,2,108,5,P_028,104446,,5,2,P_028,Product 028,Grocery,BrandB,285.08,486.14,108,Store 108,Chennai,TN,INVALID_DATE
2026/13/40,2,108,5,P_028,104446,,5,2,P_028,Product 028,Grocery,BrandB,285.08,486.14,108,Store 108,Chennai,TN,INVALID_DATE
1/19/2025,1,105,5,,104470,19-01-2025,5,1,,,,,,,105,Store 105,Hyderabad,TS,UNIT_PRICE_NULL
1/15/2025,0,102,5,P_006,104475,15-01-2025,5,0,P_006,Product 006,Grocery,BrandA,14.29,17.66,102,Store 102,Gurugram,HR,QUANTITY_ZERO
1/27/2025,2,,20,P_050,104499,27-01-2025,20,2,P_050,Product 050,Home,BrandB,202.07,315.93,,,,,STORE_ID_NULL
1/27/2025,1,101,20,,104499,27-01-2025,20,1,,,,,,,101,Store 101,Noida,UP,UNIT_PRICE_NULL
2026/13/40,3,107,15,P_021,104506,,15,3,P_021,Product 021,Grocery,BrandD,112.23,191.7,107,Store 107,Mumbai,MH,INVALID_DATE
1/27/2025,0,101,15,P_050,104508,27-01-2025,15,0,P_050,Product 050,Home,BrandB,202.07,315.93,101,Store 101,Noida,UP,QUANTITY_ZERO
1/17/2025,0,108,20,P_005,104515,17-01-2025,20,0,P_005,Product 005,Sports,BrandD,58.75,90.98,108,Store 108,Chennai,TN,QUANTITY_ZERO
1/18/2025,5,105,15,,104525,18-01-2025,15,5,,,,,,,105,Store 105,Hyderabad,TS,UNIT_PRICE_NULL
01-01-2025,2,,0,P_010,104526,01-01-2025,0,2,P_010,Product 010,Sports,BrandB,13.81,16.9,,,,,STORE_ID_NULL
1/16/2025,3,,0,P_019,104543,16-01-2025,0,3,P_019,Product 019,Electronics,BrandB,170.91,230.23,,,,,STORE_ID_NULL
1/22/2025,0,108,10,P_008,104549,22-01-2025,10,0,P_008,Product 008,Clothing,BrandC,110.44,203.49,108,Store 108,Chennai,TN,QUANTITY_ZERO
1/22/2025,0,108,10,P_008,104549,22-01-2025,10,0,P_008,Product 008,Clothing,BrandC,110.44,203.49,108,Store 108,Chennai,TN,QUANTITY_ZERO
02-10-2025,1,,10,P_011,104557,10-02-2025,10,1,P_011,Product 011,Home,BrandA,63.95,107.43,,,,,STORE_ID_NULL
2/16/2025,5,105,5,,104562,16-02-2025,5,5,,,,,,,105,Store 105,Hyderabad,TS,UNIT_PRICE_NULL
02-05-2025,3,103,150,P_006,104569,05-02-2025,150,3,P_006,Product 006,Grocery,BrandA,14.29,17.66,103,Store 103,Delhi,DL,INVALID_DISCOUNT
2026/13/40,3,103,20,P_049,104585,,20,3,P_049,Product 049,Grocery,BrandD,372.65,441.43,103,Store 103,Delhi,DL,INVALID_DATE
2026/13/40,5,104,0,P_014,104586,,0,5,P_014,Product 014,Grocery,BrandD,191.33,306.92,104,Store 104,Bengaluru,KA,INVALID_DATE
2026/13/40,4,101,20,P_039,104623,,20,4,P_039,Product 039,Electronics,BrandD,179.34,242.93,101,Store 101,Noida,UP,INVALID_DATE
2/13/2025,0,104,5,P_050,104642,13-02-2025,5,0,P_050,Product 050,Home,BrandB,202.07,315.93,104,Store 104,Bengaluru,KA,QUANTITY_ZERO
2/13/2025,0,105,10,P_015,104647,13-02-2025,10,0,P_015,Product 015,Home,BrandD,281.43,463.89,105,Store 105,Hyderabad,TS,QUANTITY_ZERO
2/20/2025,4,104,150,P_047,104654,20-02-2025,150,4,P_047,Product 047,Grocery,BrandC,237.02,303.44,104,Store 104,Bengaluru,KA,INVALID_DISCOUNT
02-07-2025,3,,15,P_037,104667,07-02-2025,15,3,P_037,Product 037,Clothing,BrandB,67.57,108.84,,,,,STORE_ID_NULL
2/13/2025,1,102,150,P_036,104669,13-02-2025,150,1,P_036,Product 036,Sports,BrandD,115.24,225.27,102,Store 102,Gurugram,HR,INVALID_DISCOUNT
02-02-2025,1,105,5,,104692,02-02-2025,5,1,,,,,,,105,Store 105,Hyderabad,TS,UNIT_PRICE_NULL
02-02-2025,1,105,5,,104692,02-02-2025,5,1,,,,,,,105,Store 105,Hyderabad,TS,UNIT_PRICE_NULL
2026/13/40,5,103,10,P_040,104697,,10,5,P_040,Product 040,Grocery,BrandA,196.15,286.01,103,Store 103,Delhi,DL,INVALID_DATE
02-01-2025,2,108,150,P_030,104778,01-02-2025,150,2,P_030,Product 030,Home,BrandB,272.48,363.65,108,Store 108,Chennai,TN,INVALID_DISCOUNT
02-01-2025,2,108,150,P_030,104778,01-02-2025,150,2,P_030,Product 030,Home,BrandB,272.48,363.65,108,Store 108,Chennai,TN,INVALID_DISCOUNT
2026/13/40,5,107,0,P_025,104793,,0,5,P_025,Product 025,Electronics,BrandB,92.74,144.61,107,Store 107,Mumbai,MH,INVALID_DATE
2/20/2025,2,105,150,P_025,104797,20-02-2025,150,2,P_025,Product 025,Electronics,BrandB,92.74,144.61,105,Store 105,Hyderabad,TS,INVALID_DISCOUNT
2026/13/40,4,101,20,P_007,104828,,20,4,P_007,Product 007,Clothing,BrandD,133.42,217.47,101,Store 101,Noida,UP,INVALID_DATE
02-03-2025,2,101,15,,104846,03-02-2025,15,2,,,,,,,101,Store 101,Noida,UP,UNIT_PRICE_NULL
2026/13/40,2,102,20,P_045,104854,,20,2,P_045,Product 045,Grocery,BrandA,68.92,109.5,102,Store 102,Gurugram,HR,INVALID_DATE
2/19/2025,0,107,10,P_034,104860,19-02-2025,10,0,P_034,Product 034,Electronics,BrandD,301.56,358.22,107,Store 107,Mumbai,MH,QUANTITY_ZERO
2026/13/40,4,106,10,P_023,104861,,10,4,P_023,Product 023,Home,BrandA,193.9,336.3,106,Store 106,Pune,MH,INVALID_DATE
2/27/2025,5,102,5,,104871,27-02-2025,5,5,,,,,,,102,Store 102,Gurugram,HR,UNIT_PRICE_NULL
02-01-2025,5,108,5,,104873,01-02-2025,5,5,,,,,,,108,Store 108,Chennai,TN,UNIT_PRICE_NULL
2/26/2025,2,105,150,P_032,104875,26-02-2025,150,2,P_032,Product 032,Home,BrandB,115.04,135.47,105,Store 105,Hyderabad,TS,INVALID_DISCOUNT
2/26/2025,2,105,150,P_032,104875,26-02-2025,150,2,P_032,Product 032,Home,BrandB,115.04,135.47,105,Store 105,Hyderabad,TS,INVALID_DISCOUNT
2/16/2025,3,105,0,,104882,16-02-2025,0,3,,,,,,,105,Store 105,Hyderabad,TS,UNIT_PRICE_NULL
2026/13/40,2,105,15,P_009,104888,,15,2,P_009,Product 009,Clothing,BrandC,96.09,153.81,105,Store 105,Hyderabad,TS,INVALID_DATE
2/22/2025,2,,10,P_031,104897,22-02-2025,10,2,P_031,Product 031,Clothing,BrandD,69.33,125.63,,,,,STORE_ID_NULL
02-12-2025,3,106,10,,104914,12-02-2025,10,3,,,,,,,106,Store 106,Pune,MH,UNIT_PRICE_NULL
2/18/2025,0,108,0,P_010,104919,18-02-2025,0,0,P_010,Product 010,Sports,BrandB,13.81,16.9,108,Store 108,Chennai,TN,QUANTITY_ZERO
2026/13/40,5,108,10,P_001,104920,,10,5,P_001,Product 001,Home,BrandD,291.46,482.98,108,Store 108,Chennai,TN,INVALID_DATE
2/15/2025,3,,15,P_033,104942,15-02-2025,15,3,P_033,Product 033,Home,BrandC,17.69,29.81,,,,,STORE_ID_NULL
2/21/2025,1,,20,P_039,104977,21-02-2025,20,1,P_039,Product 039,Electronics,BrandD,179.34,242.93,,,,,STORE_ID_NULL
02-10-2025,4,104,0,,104981,10-02-2025,0,4,,,,,,,104,Store 104,Bengaluru,KA,UNIT_PRICE_NULL
2/13/2025,0,104,15,P_048,104987,13-02-2025,15,0,P_048,Product 048,Sports,BrandA,232.9,350.44,104,Store 104,Bengaluru,KA,QUANTITY_ZERO
2/23/2025,4,106,5,,104999,23-02-2025,5,4,,,,,,,106,Store 106,Pune,MH,UNIT_PRICE_NULL
2/23/2025,4,106,5,,104999,23-02-2025,5,4,,,,,,,106,Store 106,Pune,MH,UNIT_PRICE_NULL
2/18/2025,1,108,150,P_002,105007,18-02-2025,150,1,P_002,Product 002,Sports,BrandC,165.08,307.45,108,Store 108,Chennai,TN,INVALID_DISCOUNT
2026/13/40,1,103,0,P_015,105020,,0,1,P_015,Product 015,Home,BrandD,281.43,463.89,103,Store 103,Delhi,DL,INVALID_DATE
2/27/2025,4,105,20,,105043,27-02-2025,20,4,,,,,,,105,Store 105,Hyderabad,TS,UNIT_PRICE_NULL
3/25/2025,0,101,5,P_032,105051,25-03-2025,5,0,P_032,Product 032,Home,BrandB,115.04,135.47,101,Store 101,Noida,UP,QUANTITY_ZERO
03-01-2025,2,,15,P_039,105052,01-03-2025,15,2,P_039,Product 039,Electronics,BrandD,179.34,242.93,,,,,STORE_ID_NULL
3/31/2025,1,104,20,,105056,31-03-2025,20,1,,,,,,,104,Store 104,Bengaluru,KA,UNIT_PRICE_NULL
3/26/2025,3,,20,P_043,105078,26-03-2025,20,3,P_043,Product 043,Home,BrandA,216.59,306.16,,,,,STORE_ID_NULL
3/19/2025,4,,5,P_008,105082,19-03-2025,5,4,P_008,Product 008,Clothing,BrandC,110.44,203.49,,,,,STORE_ID_NULL
03-03-2025,0,101,15,P_008,105086,03-03-2025,15,0,P_008,Product 008,Clothing,BrandC,110.44,203.49,101,Store 101,Noida,UP,QUANTITY_ZERO
03-03-2025,0,101,15,P_008,105086,03-03-2025,15,0,P_008,Product 008,Clothing,BrandC,110.44,203.49,101,Store 101,Noida,UP,QUANTITY_ZERO
3/26/2025,3,107,0,,105119,26-03-2025,0,3,,,,,,,107,Store 107,Mumbai,MH,UNIT_PRICE_NULL
3/26/2025,3,107,10,,105119,26-03-2025,10,3,,,,,,,107,Store 107,Mumbai,MH,UNIT_PRICE_NULL
3/25/2025,3,,15,P_032,105146,25-03-2025,15,3,P_032,Product 032,Home,BrandB,115.04,135.47,,,,,STORE_ID_NULL
3/17/2025,1,,15,P_050,105185,17-03-2025,15,1,P_050,Product 050,Home,BrandB,202.07,315.93,,,,,STORE_ID_NULL
3/29/2025,4,107,0,,105186,29-03-2025,0,4,,,,,,,107,Store 107,Mumbai,MH,UNIT_PRICE_NULL
2026/13/40,2,108,0,P_046,105187,,0,2,P_046,Product 046,Electronics,BrandB,276,472,108,Store 108,Chennai,TN,INVALID_DATE
3/24/2025,0,101,20,P_009,105197,24-03-2025,20,0,P_009,Product 009,Clothing,BrandC,96.09,153.81,101,Store 101,Noida,UP,QUANTITY_ZERO
3/15/2025,5,108,0,,105266,15-03-2025,0,5,,,,,,,108,Store 108,Chennai,TN,UNIT_PRICE_NULL
03-01-2025,0,105,15,P_010,105290,01-03-2025,15,0,P_010,Product 010,Sports,BrandB,13.81,16.9,105,Store 105,Hyderabad,TS,QUANTITY_ZERO
3/16/2025,5,,0,P_011,105301,16-03-2025,0,5,P_011,Product 011,Home,BrandA,63.95,107.43,,,,,STORE_ID_NULL
2026/13/40,2,105,0,P_012,105302,,0,2,P_012,Product 012,Clothing,BrandD,260.56,358.56,105,Store 105,Hyderabad,TS,INVALID_DATE
3/18/2025,2,102,150,P_039,105342,18-03-2025,150,2,P_039,Product 039,Electronics,BrandD,179.34,242.93,102,Store 102,Gurugram,HR,INVALID_DISCOUNT
3/20/2025,0,105,5,P_003,105346,20-03-2025,5,0,P_003,Product 003,Clothing,BrandD,95.83,145.24,105,Store 105,Hyderabad,TS,QUANTITY_ZERO
3/29/2025,4,108,15,,105358,29-03-2025,15,4,,,,,,,108,Store 108,Chennai,TN,UNIT_PRICE_NULL
2026/13/40,2,107,15,P_011,105361,,15,2,P_011,Product 011,Home,BrandA,63.95,107.43,107,Store 107,Mumbai,MH,INVALID_DATE
03-04-2025,0,106,20,P_013,105380,04-03-2025,20,0,P_013,Product 013,Sports,BrandB,198.67,397.19,106,Store 106,Pune,MH,QUANTITY_ZERO
3/30/2025,3,,10,P_004,105395,30-03-2025,10,3,P_004,Product 004,Sports,BrandC,89.45,155.17,,,,,STORE_ID_NULL
3/22/2025,5,105,10,,105407,22-03-2025,10,5,,,,,,,105,Store 105,Hyderabad,TS,UNIT_PRICE_NULL
3/23/2025,4,,5,P_003,105411,23-03-2025,5,4,P_003,Product 003,Clothing,BrandD,95.83,145.24,,,,,STORE_ID_NULL
3/18/2025,2,108,150,P_036,105429,18-03-2025,150,2,P_036,Product 036,Sports,BrandD,115.24,225.27,108,Store 108,Chennai,TN,INVALID_DISCOUNT
3/27/2025,4,107,10,,105451,27-03-2025,10,4,,,,,,,107,Store 107,Mumbai,MH,UNIT_PRICE_NULL
03-10-2025,2,,0,P_041,105456,10-03-2025,0,2,P_041,Product 041,Home,BrandB,230.38,350.8,,,,,STORE_ID_NULL
03-07-2025,2,106,10,,105476,07-03-2025,10,2,,,,,,,106,Store 106,Pune,MH,UNIT_PRICE_NULL
03-02-2025,0,107,10,P_041,105481,02-03-2025,10,0,P_041,Product 041,Home,BrandB,230.38,350.8,107,Store 107,Mumbai,MH,QUANTITY_ZERO
03-12-2025,0,105,20,P_011,105482,12-03-2025,20,0,P_011,Product 011,Home,BrandA,63.95,107.43,105,Store 105,Hyderabad,TS,QUANTITY_ZERO
04-06-2025,0,106,10,P_036,105515,06-04-2025,10,0,P_036,Product 036,Sports,BrandD,115.24,225.27,106,Store 106,Pune,MH,QUANTITY_ZERO
4/13/2025,4,106,5,,105549,13-04-2025,5,4,,,,,,,106,Store 106,Pune,MH,UNIT_PRICE_NULL
4/29/2025,0,104,0,P_040,105569,29-04-2025,0,0,P_040,Product 040,Grocery,BrandA,196.15,286.01,104,Store 104,Bengaluru,KA,QUANTITY_ZERO
4/28/2025,2,106,15,,105577,28-04-2025,15,2,,,,,,,106,Store 106,Pune,MH,UNIT_PRICE_NULL
4/22/2025,4,108,5,,105584,22-04-2025,5,4,,,,,,,108,Store 108,Chennai,TN,UNIT_PRICE_NULL
04-06-2025,4,,20,P_045,105594,06-04-2025,20,4,P_045,Product 045,Grocery,BrandA,68.92,109.5,,,,,STORE_ID_NULL
4/29/2025,3,101,15,,105620,29-04-2025,15,3,,,,,,,101,Store 101,Noida,UP,UNIT_PRICE_NULL
04-11-2025,4,,0,P_047,105632,11-04-2025,0,4,P_047,Product 047,Grocery,BrandC,237.02,303.44,,,,,STORE_ID_NULL
2026/13/40,2,101,15,P_031,105635,,15,2,P_031,Product 031,Clothing,BrandD,69.33,125.63,101,Store 101,Noida,UP,INVALID_DATE
04-02-2025,4,,0,P_010,105638,02-04-2025,0,4,P_010,Product 010,Sports,BrandB,13.81,16.9,,,,,STORE_ID_NULL
4/28/2025,5,107,150,P_019,105643,28-04-2025,150,5,P_019,Product 019,Electronics,BrandB,170.91,230.23,107,Store 107,Mumbai,MH,INVALID_DISCOUNT
04-10-2025,4,,15,P_016,105658,10-04-2025,15,4,P_016,Product 016,Grocery,BrandB,183.48,329.03,,,,,STORE_ID_NULL
4/28/2025,0,104,20,P_022,105716,28-04-2025,20,0,P_022,Product 022,Sports,BrandB,188.76,337.73,104,Store 104,Bengaluru,KA,QUANTITY_ZERO
04-02-2025,3,106,0,,105740,02-04-2025,0,3,,,,,,,106,Store 106,Pune,MH,UNIT_PRICE_NULL
4/25/2025,5,,15,P_043,105750,25-04-2025,15,5,P_043,Product 043,Home,BrandA,216.59,306.16,,,,,STORE_ID_NULL
4/26/2025,3,,20,P_006,105758,26-04-2025,20,3,P_006,Product 006,Grocery,BrandA,14.29,17.66,,,,,STORE_ID_NULL
04-03-2025,1,,10,P_004,105762,03-04-2025,10,1,P_004,Product 004,Sports,BrandC,89.45,155.17,,,,,STORE_ID_NULL
4/28/2025,3,,20,P_045,105763,28-04-2025,20,3,P_045,Product 045,Grocery,BrandA,68.92,109.5,,,,,STORE_ID_NULL
4/21/2025,3,103,5,,105765,21-04-2025,5,3,,,,,,,103,Store 103,Delhi,DL,UNIT_PRICE_NULL
4/21/2025,3,103,5,,105765,21-04-2025,5,3,,,,,,,103,Store 103,Delhi,DL,UNIT_PRICE_NULL
04-01-2025,0,101,20,P_010,105770,01-04-2025,20,0,P_010,Product 010,Sports,BrandB,13.81,16.9,101,Store 101,Noida,UP,QUANTITY_ZERO
2026/13/40,5,102,10,P_020,105791,,10,5,P_020,Product 020,Home,BrandB,33.73,56.75,102,Store 102,Gurugram,HR,INVALID_DATE
04-11-2025,2,106,150,P_006,105831,11-04-2025,150,2,P_006,Product 006,Grocery,BrandA,14.29,17.66,106,Store 106,Pune,MH,INVALID_DISCOUNT
2026/13/40,5,103,5,P_026,105846,,5,5,P_026,Product 026,Clothing,BrandB,148.98,285.01,103,Store 103,Delhi,DL,INVALID_DATE
4/24/2025,2,104,150,P_024,105852,24-04-2025,150,2,P_024,Product 024,Electronics,BrandC,208.42,299.74,104,Store 104,Bengaluru,KA,INVALID_DISCOUNT
2026/13/40,3,105,5,P_010,105858,,5,3,P_010,Product 010,Sports,BrandB,13.81,16.9,105,Store 105,Hyderabad,TS,INVALID_DATE
04-01-2025,0,101,10,P_027,105865,01-04-2025,10,0,P_027,Product 027,Clothing,BrandD,116.38,197.63,101,Store 101,Noida,UP,QUANTITY_ZERO
04-09-2025,5,104,10,,105873,09-04-2025,10,5,,,,,,,104,Store 104,Bengaluru,KA,UNIT_PRICE_NULL
2026/13/40,3,103,5,P_030,105875,,5,3,P_030,Product 030,Home,BrandB,272.48,363.65,103,Store 103,Delhi,DL,INVALID_DATE
2026/13/40,2,104,5,P_046,105897,,5,2,P_046,Product 046,Electronics,BrandB,276,472,104,Store 104,Bengaluru,KA,INVALID_DATE
5/26/2025,2,102,15,,105901,26-05-2025,15,2,,,,,,,102,Store 102,Gurugram,HR,UNIT_PRICE_NULL
05-08-2025,1,,20,P_046,105963,08-05-2025,20,1,P_046,Product 046,Electronics,BrandB,276,472,,,,,STORE_ID_NULL
2026/13/40,1,101,0,P_039,105972,,0,1,P_039,Product 039,Electronics,BrandD,179.34,242.93,101,Store 101,Noida,UP,INVALID_DATE
5/26/2025,2,108,15,,105988,26-05-2025,15,2,,,,,,,108,Store 108,Chennai,TN,UNIT_PRICE_NULL
05-03-2025,1,107,5,,106004,03-05-2025,5,1,,,,,,,107,Store 107,Mumbai,MH,UNIT_PRICE_NULL
05-09-2025,2,105,150,P_004,106006,09-05-2025,150,2,P_004,Product 004,Sports,BrandC,89.45,155.17,105,Store 105,Hyderabad,TS,INVALID_DISCOUNT
05-12-2025,1,106,15,,106021,12-05-2025,15,1,,,,,,,106,Store 106,Pune,MH,UNIT_PRICE_NULL
05-12-2025,1,106,15,,106021,12-05-2025,15,1,,,,,,,106,Store 106,Pune,MH,UNIT_PRICE_NULL
5/13/2025,0,101,5,P_013,106031,13-05-2025,5,0,P_013,Product 013,Sports,BrandB,198.67,397.19,101,Store 101,Noida,UP,QUANTITY_ZERO
2026/13/40,1,107,5,P_038,106037,,5,1,P_038,Product 038,Sports,BrandC,324.13,448.92,107,Store 107,Mumbai,MH,INVALID_DATE
2026/13/40,2,107,10,P_030,106040,,10,2,P_030,Product 030,Home,BrandB,272.48,363.65,107,Store 107,Mumbai,MH,INVALID_DATE
2026/13/40,5,106,5,P_015,106041,,5,5,P_015,Product 015,Home,BrandD,281.43,463.89,106,Store 106,Pune,MH,INVALID_DATE
5/27/2025,2,,15,P_011,106056,27-05-2025,15,2,P_011,Product 011,Home,BrandA,63.95,107.43,,,,,STORE_ID_NULL
5/20/2025,5,103,10,,106061,20-05-2025,10,5,,,,,,,103,Store 103,Delhi,DL,UNIT_PRICE_NULL
5/13/2025,0,102,10,P_029,106068,13-05-2025,10,0,P_029,Product 029,Home,BrandB,316.8,425.97,102,Store 102,Gurugram,HR,QUANTITY_ZERO
5/13/2025,2,106,10,,106068,13-05-2025,10,2,,,,,,,106,Store 106,Pune,MH,UNIT_PRICE_NULL
5/28/2025,0,106,20,P_012,106074,28-05-2025,20,0,P_012,Product 012,Clothing,BrandD,260.56,358.56,106,Store 106,Pune,MH,QUANTITY_ZERO
2026/13/40,3,106,5,P_037,106081,,5,3,P_037,Product 037,Clothing,BrandB,67.57,108.84,106,Store 106,Pune,MH,INVALID_DATE
05-01-2025,5,107,15,,106085,01-05-2025,15,5,,,,,,,107,Store 107,Mumbai,MH,UNIT_PRICE_NULL
5/20/2025,4,,5,P_012,106092,20-05-2025,5,4,P_012,Product 012,Clothing,BrandD,260.56,358.56,,,,,STORE_ID_NULL
5/19/2025,4,106,10,,106097,19-05-2025,10,4,,,,,,,106,Store 106,Pune,MH,UNIT_PRICE_NULL
05-05-2025,5,,10,P_042,106107,05-05-2025,10,5,P_042,Product 042,Electronics,BrandD,54.28,78.27,,,,,STORE_ID_NULL
05-05-2025,3,105,150,P_016,106107,05-05-2025,150,3,P_016,Product 016,Grocery,BrandB,183.48,329.03,105,Store 105,Hyderabad,TS,INVALID_DISCOUNT
5/13/2025,0,108,0,P_003,106111,13-05-2025,0,0,P_003,Product 003,Clothing,BrandD,95.83,145.24,108,Store 108,Chennai,TN,QUANTITY_ZERO
5/24/2025,5,105,150,P_011,106125,24-05-2025,150,5,P_011,Product 011,Home,BrandA,63.95,107.43,105,Store 105,Hyderabad,TS,INVALID_DISCOUNT
5/29/2025,2,102,5,,106131,29-05-2025,5,2,,,,,,,102,Store 102,Gurugram,HR,UNIT_PRICE_NULL
05-04-2025,4,,15,P_048,106137,04-05-2025,15,4,P_048,Product 048,Sports,BrandA,232.9,350.44,,,,,STORE_ID_NULL
05-08-2025,2,,10,P_047,106138,08-05-2025,10,2,P_047,Product 047,Grocery,BrandC,237.02,303.44,,,,,STORE_ID_NULL
5/23/2025,4,102,20,,106154,23-05-2025,20,4,,,,,,,102,Store 102,Gurugram,HR,UNIT_PRICE_NULL
5/22/2025,5,107,150,P_015,106177,22-05-2025,150,5,P_015,Product 015,Home,BrandD,281.43,463.89,107,Store 107,Mumbai,MH,INVALID_DISCOUNT
2026/13/40,2,101,10,P_004,106192,,10,2,P_004,Product 004,Sports,BrandC,89.45,155.17,101,Store 101,Noida,UP,INVALID_DATE
05-09-2025,3,106,150,P_047,106201,09-05-2025,150,3,P_047,Product 047,Grocery,BrandC,237.02,303.44,106,Store 106,Pune,MH,INVALID_DISCOUNT
5/22/2025,0,101,10,P_046,106235,22-05-2025,10,0,P_046,Product 046,Electronics,BrandB,276,472,101,Store 101,Noida,UP,QUANTITY_ZERO
5/29/2025,0,101,0,P_041,106247,29-05-2025,0,0,P_041,Product 041,Home,BrandB,230.38,350.8,101,Store 101,Noida,UP,QUANTITY_ZERO
05-08-2025,1,,5,P_040,106253,08-05-2025,5,1,P_040,Product 040,Grocery,BrandA,196.15,286.01,,,,,STORE_ID_NULL
05-03-2025,0,108,5,P_044,106258,03-05-2025,5,0,P_044,Product 044,Grocery,BrandD,145.03,274.52,108,Store 108,Chennai,TN,QUANTITY_ZERO
05-04-2025,4,101,0,,106290,04-05-2025,0,4,,,,,,,101,Store 101,Noida,UP,UNIT_PRICE_NULL
5/20/2025,3,104,0,,106294,20-05-2025,0,3,,,,,,,104,Store 104,Bengaluru,KA,UNIT_PRICE_NULL
5/30/2025,3,101,150,P_041,106342,30-05-2025,150,3,P_041,Product 041,Home,BrandB,230.38,350.8,101,Store 101,Noida,UP,INVALID_DISCOUNT
2026/13/40,4,101,15,P_002,106354,,15,4,P_002,Product 002,Sports,BrandC,165.08,307.45,101,Store 101,Noida,UP,INVALID_DATE
05-06-2025,1,107,150,P_014,106354,06-05-2025,150,1,P_014,Product 014,Grocery,BrandD,191.33,306.92,107,Store 107,Mumbai,MH,INVALID_DISCOUNT
05-01-2025,4,107,10,,106357,01-05-2025,10,4,,,,,,,107,Store 107,Mumbai,MH,UNIT_PRICE_NULL
05-01-2025,0,108,0,P_008,106361,01-05-2025,0,0,P_008,Product 008,Clothing,BrandC,110.44,203.49,108,Store 108,Chennai,TN,QUANTITY_ZERO
05-01-2025,0,108,0,P_008,106361,01-05-2025,0,0,P_008,Product 008,Clothing,BrandC,110.44,203.49,108,Store 108,Chennai,TN,QUANTITY_ZERO
05-05-2025,5,107,150,P_021,106371,05-05-2025,150,5,P_021,Product 021,Grocery,BrandD,112.23,191.7,107,Store 107,Mumbai,MH,INVALID_DISCOUNT
06-07-2025,1,,20,P_003,106382,07-06-2025,20,1,P_003,Product 003,Clothing,BrandD,95.83,145.24,,,,,STORE_ID_NULL
6/14/2025,4,,20,P_034,106393,14-06-2025,20,4,P_034,Product 034,Electronics,BrandD,301.56,358.22,,,,,STORE_ID_NULL
6/27/2025,4,108,15,,106395,27-06-2025,15,4,,,,,,,108,Store 108,Chennai,TN,UNIT_PRICE_NULL
6/27/2025,4,108,15,,106395,27-06-2025,15,4,,,,,,,108,Store 108,Chennai,TN,UNIT_PRICE_NULL
2026/13/40,2,108,15,P_043,106411,,15,2,P_043,Product 043,Home,BrandA,216.59,306.16,108,Store 108,Chennai,TN,INVALID_DATE
2026/13/40,2,108,15,P_043,106411,,15,2,P_043,Product 043,Home,BrandA,216.59,306.16,108,Store 108,Chennai,TN,INVALID_DATE
06-10-2025,1,104,150,P_018,106424,10-06-2025,150,1,P_018,Product 018,Sports,BrandB,285.64,426.52,104,Store 104,Bengaluru,KA,INVALID_DISCOUNT
2026/13/40,1,105,15,P_017,106438,,15,1,P_017,Product 017,Home,BrandB,314.84,458.33,105,Store 105,Hyderabad,TS,INVALID_DATE
6/18/2025,1,107,20,,106440,18-06-2025,20,1,,,,,,,107,Store 107,Mumbai,MH,UNIT_PRICE_NULL
06-02-2025,3,102,15,,106443,02-06-2025,15,3,,,,,,,102,Store 102,Gurugram,HR,UNIT_PRICE_NULL
6/29/2025,1,,5,P_049,106453,29-06-2025,5,1,P_049,Product 049,Grocery,BrandD,372.65,441.43,,,,,STORE_ID_NULL
2026/13/40,1,105,5,P_049,106462,,5,1,P_049,Product 049,Grocery,BrandD,372.65,441.43,105,Store 105,Hyderabad,TS,INVALID_DATE
6/20/2025,0,103,5,P_045,106474,20-06-2025,5,0,P_045,Product 045,Grocery,BrandA,68.92,109.5,103,Store 103,Delhi,DL,QUANTITY_ZERO
6/19/2025,0,101,20,P_045,106497,19-06-2025,20,0,P_045,Product 045,Grocery,BrandA,68.92,109.5,101,Store 101,Noida,UP,QUANTITY_ZERO
6/19/2025,3,106,150,P_028,106497,19-06-2025,150,3,P_028,Product 028,Grocery,BrandB,285.08,486.14,106,Store 106,Pune,MH,INVALID_DISCOUNT
6/21/2025,3,,20,P_011,106521,21-06-2025,20,3,P_011,Product 011,Home,BrandA,63.95,107.43,,,,,STORE_ID_NULL
6/17/2025,3,101,150,P_010,106551,17-06-2025,150,3,P_010,Product 010,Sports,BrandB,13.81,16.9,101,Store 101,Noida,UP,INVALID_DISCOUNT
06-01-2025,1,,10,P_042,106582,01-06-2025,10,1,P_042,Product 042,Electronics,BrandD,54.28,78.27,,,,,STORE_ID_NULL
6/30/2025,0,101,5,P_048,106591,30-06-2025,5,0,P_048,Product 048,Sports,BrandA,232.9,350.44,101,Store 101,Noida,UP,QUANTITY_ZERO
6/20/2025,1,103,15,,106596,20-06-2025,15,1,,,,,,,103,Store 103,Delhi,DL,UNIT_PRICE_NULL
6/25/2025,1,102,10,,106615,25-06-2025,10,1,,,,,,,102,Store 102,Gurugram,HR,UNIT_PRICE_NULL
6/26/2025,0,104,10,P_017,106645,26-06-2025,10,0,P_017,Product 017,Home,BrandB,314.84,458.33,104,Store 104,Bengaluru,KA,QUANTITY_ZERO
06-07-2025,1,107,150,P_038,106647,07-06-2025,150,1,P_038,Product 038,Sports,BrandC,324.13,448.92,107,Store 107,Mumbai,MH,INVALID_DISCOUNT
6/19/2025,5,101,150,P_031,106671,19-06-2025,150,5,P_031,Product 031,Clothing,BrandD,69.33,125.63,101,Store 101,Noida,UP,INVALID_DISCOUNT
2026/13/40,3,103,15,P_012,106677,,15,3,P_012,Product 012,Clothing,BrandD,260.56,358.56,103,Store 103,Delhi,DL,INVALID_DATE
6/17/2025,4,,0,P_035,106701,17-06-2025,0,4,P_035,Product 035,Clothing,BrandC,41.43,64.34,,,,,STORE_ID_NULL
06-02-2025,1,106,150,P_017,106717,02-06-2025,150,1,P_017,Product 017,Home,BrandB,314.84,458.33,106,Store 106,Pune,MH,INVALID_DISCOUNT
6/28/2025,5,107,5,,106733,28-06-2025,5,5,,,,,,,107,Store 107,Mumbai,MH,UNIT_PRICE_NULL
06-03-2025,2,108,15,,106744,03-06-2025,15,2,,,,,,,108,Store 108,Chennai,TN,UNIT_PRICE_NULL
06-10-2025,2,102,150,P_043,106754,10-06-2025,150,2,P_043,Product 043,Home,BrandA,216.59,306.16,102,Store 102,Gurugram,HR,INVALID_DISCOUNT
7/29/2025,3,101,150,P_049,106788,29-07-2025,150,3,P_049,Product 049,Grocery,BrandD,372.65,441.43,101,Store 101,Noida,UP,INVALID_DISCOUNT
07-04-2025,1,103,15,,106808,04-07-2025,15,1,,,,,,,103,Store 103,Delhi,DL,UNIT_PRICE_NULL
07-09-2025,2,101,10,,106829,09-07-2025,10,2,,,,,,,101,Store 101,Noida,UP,UNIT_PRICE_NULL
07-09-2025,2,101,10,,106829,09-07-2025,10,2,,,,,,,101,Store 101,Noida,UP,UNIT_PRICE_NULL
07-05-2025,5,106,150,P_009,106833,05-07-2025,150,5,P_009,Product 009,Clothing,BrandC,96.09,153.81,106,Store 106,Pune,MH,INVALID_DISCOUNT
07-05-2025,0,105,20,P_049,106848,05-07-2025,20,0,P_049,Product 049,Grocery,BrandD,372.65,441.43,105,Store 105,Hyderabad,TS,QUANTITY_ZERO
7/24/2025,3,,15,P_047,106868,24-07-2025,15,3,P_047,Product 047,Grocery,BrandC,237.02,303.44,,,,,STORE_ID_NULL
07-06-2025,4,107,5,,106932,06-07-2025,5,4,,,,,,,107,Store 107,Mumbai,MH,UNIT_PRICE_NULL
2026/13/40,5,108,20,P_050,106935,,20,5,P_050,Product 050,Home,BrandB,202.07,315.93,108,Store 108,Chennai,TN,INVALID_DATE
7/15/2025,1,,0,P_026,106945,15-07-2025,0,1,P_026,Product 026,Clothing,BrandB,148.98,285.01,,,,,STORE_ID_NULL
07-10-2025,5,108,15,,106967,10-07-2025,15,5,,,,,,,108,Store 108,Chennai,TN,UNIT_PRICE_NULL
07-10-2025,5,108,15,,106967,10-07-2025,15,5,,,,,,,108,Store 108,Chennai,TN,UNIT_PRICE_NULL
7/31/2025,0,101,5,P_043,106968,31-07-2025,5,0,P_043,Product 043,Home,BrandA,216.59,306.16,101,Store 101,Noida,UP,QUANTITY_ZERO
7/22/2025,4,104,150,P_011,106980,22-07-2025,150,4,P_011,Product 011,Home,BrandA,63.95,107.43,104,Store 104,Bengaluru,KA,INVALID_DISCOUNT
7/22/2025,3,104,0,,106991,22-07-2025,0,3,,,,,,,104,Store 104,Bengaluru,KA,UNIT_PRICE_NULL
2026/13/40,2,107,10,P_007,107003,,10,2,P_007,Product 007,Clothing,BrandD,133.42,217.47,107,Store 107,Mumbai,MH,INVALID_DATE
7/28/2025,2,104,10,,107038,28-07-2025,10,2,,,,,,,104,Store 104,Bengaluru,KA,UNIT_PRICE_NULL
07-06-2025,1,105,20,,107065,06-07-2025,20,1,,,,,,,105,Store 105,Hyderabad,TS,UNIT_PRICE_NULL
07-11-2025,5,107,150,P_045,107091,11-07-2025,150,5,P_045,Product 045,Grocery,BrandA,68.92,109.5,107,Store 107,Mumbai,MH,INVALID_DISCOUNT
2026/13/40,3,106,15,P_036,107094,,15,3,P_036,Product 036,Sports,BrandD,115.24,225.27,106,Store 106,Pune,MH,INVALID_DATE
2026/13/40,3,106,15,P_036,107094,,15,3,P_036,Product 036,Sports,BrandD,115.24,225.27,106,Store 106,Pune,MH,INVALID_DATE
07-02-2025,1,105,150,P_032,107123,02-07-2025,150,1,P_032,Product 032,Home,BrandB,115.04,135.47,105,Store 105,Hyderabad,TS,INVALID_DISCOUNT
7/19/2025,1,102,10,,107136,19-07-2025,10,1,,,,,,,102,Store 102,Gurugram,HR,UNIT_PRICE_NULL
7/19/2025,5,103,20,,107148,19-07-2025,20,5,,,,,,,103,Store 103,Delhi,DL,UNIT_PRICE_NULL
7/24/2025,4,102,20,,107155,24-07-2025,20,4,,,,,,,102,Store 102,Gurugram,HR,UNIT_PRICE_NULL
7/14/2025,0,101,0,P_017,107184,14-07-2025,0,0,P_017,Product 017,Home,BrandB,314.84,458.33,101,Store 101,Noida,UP,QUANTITY_ZERO
7/14/2025,5,,5,P_005,107184,14-07-2025,5,5,P_005,Product 005,Sports,BrandD,58.75,90.98,,,,,STORE_ID_NULL
2026/13/40,3,101,5,P_006,107190,,5,3,P_006,Product 006,Grocery,BrandA,14.29,17.66,101,Store 101,Noida,UP,INVALID_DATE
8/14/2025,1,105,10,,107195,14-08-2025,10,1,,,,,,,105,Store 105,Hyderabad,TS,UNIT_PRICE_NULL
8/21/2025,4,103,15,,107224,21-08-2025,15,4,,,,,,,103,Store 103,Delhi,DL,UNIT_PRICE_NULL
2026/13/40,1,101,5,P_045,107253,,5,1,P_045,Product 045,Grocery,BrandA,68.92,109.5,101,Store 101,Noida,UP,INVALID_DATE
8/25/2025,1,107,150,P_045,107296,25-08-2025,150,1,P_045,Product 045,Grocery,BrandA,68.92,109.5,107,Store 107,Mumbai,MH,INVALID_DISCOUNT
08-12-2025,0,105,0,P_033,107349,12-08-2025,0,0,P_033,Product 033,Home,BrandC,17.69,29.81,105,Store 105,Hyderabad,TS,QUANTITY_ZERO
8/24/2025,2,,5,P_021,107355,24-08-2025,5,2,P_021,Product 021,Grocery,BrandD,112.23,191.7,,,,,STORE_ID_NULL
8/26/2025,2,104,10,,107396,26-08-2025,10,2,,,,,,,104,Store 104,Bengaluru,KA,UNIT_PRICE_NULL
08-05-2025,3,105,10,,107432,05-08-2025,10,3,,,,,,,105,Store 105,Hyderabad,TS,UNIT_PRICE_NULL
2026/13/40,5,101,15,P_045,107436,,15,5,P_045,Product 045,Grocery,BrandA,68.92,109.5,101,Store 101,Noida,UP,INVALID_DATE
2026/13/40,5,108,10,P_035,107457,,10,5,P_035,Product 035,Clothing,BrandC,41.43,64.34,108,Store 108,Chennai,TN,INVALID_DATE
8/20/2025,1,106,5,,107471,20-08-2025,5,1,,,,,,,106,Store 106,Pune,MH,UNIT_PRICE_NULL
08-04-2025,4,,0,P_030,107472,04-08-2025,0,4,P_030,Product 030,Home,BrandB,272.48,363.65,,,,,STORE_ID_NULL
8/30/2025,0,108,0,P_049,107488,30-08-2025,0,0,P_049,Product 049,Grocery,BrandD,372.65,441.43,108,Store 108,Chennai,TN,QUANTITY_ZERO
2026/13/40,5,105,5,P_014,107497,,5,5,P_014,Product 014,Grocery,BrandD,191.33,306.92,105,Store 105,Hyderabad,TS,INVALID_DATE
2026/13/40,5,105,5,P_014,107497,,5,5,P_014,Product 014,Grocery,BrandD,191.33,306.92,105,Store 105,Hyderabad,TS,INVALID_DATE
8/17/2025,5,102,150,P_030,107505,17-08-2025,150,5,P_030,Product 030,Home,BrandB,272.48,363.65,102,Store 102,Gurugram,HR,INVALID_DISCOUNT
08-09-2025,3,108,150,P_018,107518,09-08-2025,150,3,P_018,Product 018,Sports,BrandB,285.64,426.52,108,Store 108,Chennai,TN,INVALID_DISCOUNT
08-09-2025,5,,0,P_037,107518,09-08-2025,0,5,P_037,Product 037,Clothing,BrandB,67.57,108.84,,,,,STORE_ID_NULL
08-09-2025,3,108,150,P_018,107518,09-08-2025,150,3,P_018,Product 018,Sports,BrandB,285.64,426.52,108,Store 108,Chennai,TN,INVALID_DISCOUNT
08-09-2025,5,,15,P_038,107555,09-08-2025,15,5,P_038,Product 038,Sports,BrandC,324.13,448.92,,,,,STORE_ID_NULL
8/14/2025,0,102,0,P_042,107573,14-08-2025,0,0,P_042,Product 042,Electronics,BrandD,54.28,78.27,102,Store 102,Gurugram,HR,QUANTITY_ZERO
8/25/2025,0,103,0,P_036,107579,25-08-2025,0,0,P_036,Product 036,Sports,BrandD,115.24,225.27,103,Store 103,Delhi,DL,QUANTITY_ZERO
8/26/2025,3,105,0,,107587,26-08-2025,0,3,,,,,,,105,Store 105,Hyderabad,TS,UNIT_PRICE_NULL
08-09-2025,5,107,150,P_032,107602,09-08-2025,150,5,P_032,Product 032,Home,BrandB,115.04,135.47,107,Store 107,Mumbai,MH,INVALID_DISCOUNT
08-10-2025,5,107,150,P_015,107607,10-08-2025,150,5,P_015,Product 015,Home,BrandD,281.43,463.89,107,Store 107,Mumbai,MH,INVALID_DISCOUNT
2026/13/40,5,106,5,P_030,107616,,5,5,P_030,Product 030,Home,BrandB,272.48,363.65,106,Store 106,Pune,MH,INVALID_DATE
09-11-2025,0,104,5,P_032,107656,11-09-2025,5,0,P_032,Product 032,Home,BrandB,115.04,135.47,104,Store 104,Bengaluru,KA,QUANTITY_ZERO
09-04-2025,0,104,20,P_024,107663,04-09-2025,20,0,P_024,Product 024,Electronics,BrandC,208.42,299.74,104,Store 104,Bengaluru,KA,QUANTITY_ZERO
09-11-2025,2,,10,P_031,107676,11-09-2025,10,2,P_031,Product 031,Clothing,BrandD,69.33,125.63,,,,,STORE_ID_NULL
09-06-2025,1,105,5,,107705,06-09-2025,5,1,,,,,,,105,Store 105,Hyderabad,TS,UNIT_PRICE_NULL
09-11-2025,3,,0,P_001,107715,11-09-2025,0,3,P_001,Product 001,Home,BrandD,291.46,482.98,,,,,STORE_ID_NULL
09-05-2025,1,,0,P_047,107716,05-09-2025,0,1,P_047,Product 047,Grocery,BrandC,237.02,303.44,,,,,STORE_ID_NULL
9/15/2025,1,101,150,P_049,107733,15-09-2025,150,1,P_049,Product 049,Grocery,BrandD,372.65,441.43,101,Store 101,Noida,UP,INVALID_DISCOUNT
09-06-2025,1,103,20,,107743,06-09-2025,20,1,,,,,,,103,Store 103,Delhi,DL,UNIT_PRICE_NULL
09-12-2025,4,103,10,,107766,12-09-2025,10,4,,,,,,,103,Store 103,Delhi,DL,UNIT_PRICE_NULL
09-07-2025,1,106,150,P_038,107801,07-09-2025,150,1,P_038,Product 038,Sports,BrandC,324.13,448.92,106,Store 106,Pune,MH,INVALID_DISCOUNT
9/29/2025,3,107,150,P_010,107805,29-09-2025,150,3,P_010,Product 010,Sports,BrandB,13.81,16.9,107,Store 107,Mumbai,MH,INVALID_DISCOUNT
9/21/2025,4,106,0,,107810,21-09-2025,0,4,,,,,,,106,Store 106,Pune,MH,UNIT_PRICE_NULL
9/21/2025,4,106,0,,107810,21-09-2025,0,4,,,,,,,106,Store 106,Pune,MH,UNIT_PRICE_NULL
2026/13/40,3,108,20,P_026,107828,,20,3,P_026,Product 026,Clothing,BrandB,148.98,285.01,108,Store 108,Chennai,TN,INVALID_DATE
9/29/2025,2,,0,P_044,107830,29-09-2025,0,2,P_044,Product 044,Grocery,BrandD,145.03,274.52,,,,,STORE_ID_NULL
09-03-2025,4,103,10,,107842,03-09-2025,10,4,,,,,,,103,Store 103,Delhi,DL,UNIT_PRICE_NULL
2026/13/40,3,106,5,P_023,107847,,5,3,P_023,Product 023,Home,BrandA,193.9,336.3,106,Store 106,Pune,MH,INVALID_DATE
2026/13/40,3,106,0,P_025,107860,,0,3,P_025,Product 025,Electronics,BrandB,92.74,144.61,106,Store 106,Pune,MH,INVALID_DATE
09-12-2025,2,,0,P_021,107868,12-09-2025,0,2,P_021,Product 021,Grocery,BrandD,112.23,191.7,,,,,STORE_ID_NULL
09-11-2025,4,107,150,P_008,107881,11-09-2025,150,4,P_008,Product 008,Clothing,BrandC,110.44,203.49,107,Store 107,Mumbai,MH,INVALID_DISCOUNT
09-07-2025,2,106,150,P_023,107900,07-09-2025,150,2,P_023,Product 023,Home,BrandA,193.9,336.3,106,Store 106,Pune,MH,INVALID_DISCOUNT
9/19/2025,5,108,150,P_031,107924,19-09-2025,150,5,P_031,Product 031,Clothing,BrandD,69.33,125.63,108,Store 108,Chennai,TN,INVALID_DISCOUNT
2026/13/40,3,107,5,P_011,107926,,5,3,P_011,Product 011,Home,BrandA,63.95,107.43,107,Store 107,Mumbai,MH,INVALID_DATE
9/13/2025,0,108,10,P_007,107975,13-09-2025,10,0,P_007,Product 007,Clothing,BrandD,133.42,217.47,108,Store 108,Chennai,TN,QUANTITY_ZERO
09-08-2025,0,102,0,P_046,107991,08-09-2025,0,0,P_046,Product 046,Electronics,BrandB,276,472,102,Store 102,Gurugram,HR,QUANTITY_ZERO
9/21/2025,1,,20,P_015,108015,21-09-2025,20,1,P_015,Product 015,Home,BrandD,281.43,463.89,,,,,STORE_ID_NULL
9/13/2025,5,107,0,,108020,13-09-2025,0,5,,,,,,,107,Store 107,Mumbai,MH,UNIT_PRICE_NULL
9/29/2025,1,103,150,P_035,108073,29-09-2025,150,1,P_035,Product 035,Clothing,BrandC,41.43,64.34,103,Store 103,Delhi,DL,INVALID_DISCOUNT
09-02-2025,0,101,10,P_018,108083,02-09-2025,10,0,P_018,Product 018,Sports,BrandB,285.64,426.52,101,Store 101,Noida,UP,QUANTITY_ZERO
09-01-2025,0,104,0,P_020,108086,01-09-2025,0,0,P_020,Product 020,Home,BrandB,33.73,56.75,104,Store 104,Bengaluru,KA,QUANTITY_ZERO
2026/13/40,4,104,0,P_023,108090,,0,4,P_023,Product 023,Home,BrandA,193.9,336.3,104,Store 104,Bengaluru,KA,INVALID_DATE
2026/13/40,4,104,0,P_023,108090,,0,4,P_023,Product 023,Home,BrandA,193.9,336.3,104,Store 104,Bengaluru,KA,INVALID_DATE
09-05-2025,1,,10,P_003,108091,05-09-2025,10,1,P_003,Product 003,Clothing,BrandD,95.83,145.24,,,,,STORE_ID_NULL
9/26/2025,2,106,5,,108093,26-09-2025,5,2,,,,,,,106,Store 106,Pune,MH,UNIT_PRICE_NULL
9/14/2025,3,107,5,,108102,14-09-2025,5,3,,,,,,,107,Store 107,Mumbai,MH,UNIT_PRICE_NULL
9/26/2025,0,101,5,P_022,108116,26-09-2025,5,0,P_022,Product 022,Sports,BrandB,188.76,337.73,101,Store 101,Noida,UP,QUANTITY_ZERO
09-07-2025,1,103,5,,108117,07-09-2025,5,1,,,,,,,103,Store 103,Delhi,DL,UNIT_PRICE_NULL
10/25/2025,1,104,15,,108138,25-10-2025,15,1,,,,,,,104,Store 104,Bengaluru,KA,UNIT_PRICE_NULL
10-05-2025,3,,5,P_022,108142,05-10-2025,5,3,P_022,Product 022,Sports,BrandB,188.76,337.73,,,,,STORE_ID_NULL
10-05-2025,3,,5,P_022,108142,05-10-2025,5,3,P_022,Product 022,Sports,BrandB,188.76,337.73,,,,,STORE_ID_NULL
10-12-2025,4,106,150,P_018,108159,12-10-2025,150,4,P_018,Product 018,Sports,BrandB,285.64,426.52,106,Store 106,Pune,MH,INVALID_DISCOUNT
10/18/2025,1,,10,P_025,108185,18-10-2025,10,1,P_025,Product 025,Electronics,BrandB,92.74,144.61,,,,,STORE_ID_NULL
10/31/2025,3,,0,P_041,108210,31-10-2025,0,3,P_041,Product 041,Home,BrandB,230.38,350.8,,,,,STORE_ID_NULL
10-03-2025,3,107,0,,108214,03-10-2025,0,3,,,,,,,107,Store 107,Mumbai,MH,UNIT_PRICE_NULL
2026/13/40,1,104,0,P_033,108236,,0,1,P_033,Product 033,Home,BrandC,17.69,29.81,104,Store 104,Bengaluru,KA,INVALID_DATE
10-05-2025,1,107,150,P_039,108255,05-10-2025,150,1,P_039,Product 039,Electronics,BrandD,179.34,242.93,107,Store 107,Mumbai,MH,INVALID_DISCOUNT
10/16/2025,0,102,10,P_044,108278,16-10-2025,10,0,P_044,Product 044,Grocery,BrandD,145.03,274.52,102,Store 102,Gurugram,HR,QUANTITY_ZERO
10/23/2025,3,108,15,,108283,23-10-2025,15,3,,,,,,,108,Store 108,Chennai,TN,UNIT_PRICE_NULL
10/23/2025,3,108,15,,108283,23-10-2025,15,3,,,,,,,108,Store 108,Chennai,TN,UNIT_PRICE_NULL
2026/13/40,1,105,10,P_037,108291,,10,1,P_037,Product 037,Clothing,BrandB,67.57,108.84,105,Store 105,Hyderabad,TS,INVALID_DATE
10/25/2025,2,103,20,,108321,25-10-2025,20,2,,,,,,,103,Store 103,Delhi,DL,UNIT_PRICE_NULL
2026/13/40,5,101,5,P_028,108328,,5,5,P_028,Product 028,Grocery,BrandB,285.08,486.14,101,Store 101,Noida,UP,INVALID_DATE
10-07-2025,2,107,150,P_039,108329,07-10-2025,150,2,P_039,Product 039,Electronics,BrandD,179.34,242.93,107,Store 107,Mumbai,MH,INVALID_DISCOUNT
10/17/2025,0,102,0,P_018,108352,17-10-2025,0,0,P_018,Product 018,Sports,BrandB,285.64,426.52,102,Store 102,Gurugram,HR,QUANTITY_ZERO
10/18/2025,0,105,0,P_031,108365,18-10-2025,0,0,P_031,Product 031,Clothing,BrandD,69.33,125.63,105,Store 105,Hyderabad,TS,QUANTITY_ZERO
10/23/2025,1,108,10,,108371,23-10-2025,10,1,,,,,,,108,Store 108,Chennai,TN,UNIT_PRICE_NULL
2026/13/40,1,103,5,P_045,108417,,5,1,P_045,Product 045,Grocery,BrandA,68.92,109.5,103,Store 103,Delhi,DL,INVALID_DATE
10/13/2025,0,105,0,P_023,108431,13-10-2025,0,0,P_023,Product 023,Home,BrandA,193.9,336.3,105,Store 105,Hyderabad,TS,QUANTITY_ZERO
10/27/2025,2,,15,P_027,108441,27-10-2025,15,2,P_027,Product 027,Clothing,BrandD,116.38,197.63,,,,,STORE_ID_NULL
10/22/2025,5,,20,P_019,108456,22-10-2025,20,5,P_019,Product 019,Electronics,BrandB,170.91,230.23,,,,,STORE_ID_NULL
10/24/2025,3,104,0,,108457,24-10-2025,0,3,,,,,,,104,Store 104,Bengaluru,KA,UNIT_PRICE_NULL
11/27/2025,2,104,5,,108496,27-11-2025,5,2,,,,,,,104,Store 104,Bengaluru,KA,UNIT_PRICE_NULL
11-02-2025,1,102,15,,108501,02-11-2025,15,1,,,,,,,102,Store 102,Gurugram,HR,UNIT_PRICE_NULL
11/14/2025,1,104,15,,108502,14-11-2025,15,1,,,,,,,104,Store 104,Bengaluru,KA,UNIT_PRICE_NULL
11/17/2025,0,101,20,P_017,108506,17-11-2025,20,0,P_017,Product 017,Home,BrandB,314.84,458.33,101,Store 101,Noida,UP,QUANTITY_ZERO
11/27/2025,5,103,10,,108514,27-11-2025,10,5,,,,,,,103,Store 103,Delhi,DL,UNIT_PRICE_NULL
11-04-2025,3,105,150,P_031,108517,04-11-2025,150,3,P_031,Product 031,Clothing,BrandD,69.33,125.63,105,Store 105,Hyderabad,TS,INVALID_DISCOUNT
11/24/2025,2,106,20,,108549,24-11-2025,20,2,,,,,,,106,Store 106,Pune,MH,UNIT_PRICE_NULL
11-01-2025,0,106,20,P_045,108556,01-11-2025,20,0,P_045,Product 045,Grocery,BrandA,68.92,109.5,106,Store 106,Pune,MH,QUANTITY_ZERO
11-01-2025,3,,15,P_018,108556,01-11-2025,15,3,P_018,Product 018,Sports,BrandB,285.64,426.52,,,,,STORE_ID_NULL
11-11-2025,0,108,0,P_039,108586,11-11-2025,0,0,P_039,Product 039,Electronics,BrandD,179.34,242.93,108,Store 108,Chennai,TN,QUANTITY_ZERO
11/13/2025,5,,5,P_004,108588,13-11-2025,5,5,P_004,Product 004,Sports,BrandC,89.45,155.17,,,,,STORE_ID_NULL
2026/13/40,1,104,20,P_042,108603,,20,1,P_042,Product 042,Electronics,BrandD,54.28,78.27,104,Store 104,Bengaluru,KA,INVALID_DATE
2026/13/40,1,104,20,P_042,108603,,20,1,P_042,Product 042,Electronics,BrandD,54.28,78.27,104,Store 104,Bengaluru,KA,INVALID_DATE
11-02-2025,3,101,20,,108615,02-11-2025,20,3,,,,,,,101,Store 101,Noida,UP,UNIT_PRICE_NULL
11-05-2025,4,108,150,P_029,108619,05-11-2025,150,4,P_029,Product 029,Home,BrandB,316.8,425.97,108,Store 108,Chennai,TN,INVALID_DISCOUNT
11-05-2025,0,108,0,P_007,108649,05-11-2025,0,0,P_007,Product 007,Clothing,BrandD,133.42,217.47,108,Store 108,Chennai,TN,QUANTITY_ZERO
2026/13/40,1,106,0,P_044,108656,,0,1,P_044,Product 044,Grocery,BrandD,145.03,274.52,106,Store 106,Pune,MH,INVALID_DATE
11/13/2025,0,104,20,P_010,108667,13-11-2025,20,0,P_010,Product 010,Sports,BrandB,13.81,16.9,104,Store 104,Bengaluru,KA,QUANTITY_ZERO
2026/13/40,2,106,15,P_041,108675,,15,2,P_041,Product 041,Home,BrandB,230.38,350.8,106,Store 106,Pune,MH,INVALID_DATE
11/28/2025,2,106,15,,108684,28-11-2025,15,2,,,,,,,106,Store 106,Pune,MH,UNIT_PRICE_NULL
11-01-2025,1,103,20,,108740,01-11-2025,20,1,,,,,,,103,Store 103,Delhi,DL,UNIT_PRICE_NULL
11/14/2025,4,,10,P_035,108772,14-11-2025,10,4,P_035,Product 035,Clothing,BrandC,41.43,64.34,,,,,STORE_ID_NULL
11-04-2025,4,106,15,,108774,04-11-2025,15,4,,,,,,,106,Store 106,Pune,MH,UNIT_PRICE_NULL
11-02-2025,5,105,20,,108781,02-11-2025,20,5,,,,,,,105,Store 105,Hyderabad,TS,UNIT_PRICE_NULL
11/26/2025,3,,0,P_030,108792,26-11-2025,0,3,P_030,Product 030,Home,BrandB,272.48,363.65,,,,,STORE_ID_NULL
11-12-2025,0,106,20,P_013,108802,12-11-2025,20,0,P_013,Product 013,Sports,BrandB,198.67,397.19,106,Store 106,Pune,MH,QUANTITY_ZERO
11-02-2025,2,,20,P_001,108803,02-11-2025,20,2,P_001,Product 001,Home,BrandD,291.46,482.98,,,,,STORE_ID_NULL
11/24/2025,5,,10,P_043,108806,24-11-2025,10,5,P_043,Product 043,Home,BrandA,216.59,306.16,,,,,STORE_ID_NULL
11/26/2025,3,106,20,,108812,26-11-2025,20,3,,,,,,,106,Store 106,Pune,MH,UNIT_PRICE_NULL
11-08-2025,5,,15,P_026,108813,08-11-2025,15,5,P_026,Product 026,Clothing,BrandB,148.98,285.01,,,,,STORE_ID_NULL
11-11-2025,0,108,15,P_042,108827,11-11-2025,15,0,P_042,Product 042,Electronics,BrandD,54.28,78.27,108,Store 108,Chennai,TN,QUANTITY_ZERO
11-04-2025,4,101,5,,108839,04-11-2025,5,4,,,,,,,101,Store 101,Noida,UP,UNIT_PRICE_NULL
2026/13/40,3,107,10,P_023,108887,,10,3,P_023,Product 023,Home,BrandA,193.9,336.3,107,Store 107,Mumbai,MH,INVALID_DATE
12/14/2025,3,106,5,,108890,14-12-2025,5,3,,,,,,,106,Store 106,Pune,MH,UNIT_PRICE_NULL
12/14/2025,0,106,0,P_050,108904,14-12-2025,0,0,P_050,Product 050,Home,BrandB,202.07,315.93,106,Store 106,Pune,MH,QUANTITY_ZERO
12/25/2025,3,105,15,,108927,25-12-2025,15,3,,,,,,,105,Store 105,Hyderabad,TS,UNIT_PRICE_NULL
12/14/2025,5,105,5,,108934,14-12-2025,5,5,,,,,,,105,Store 105,Hyderabad,TS,UNIT_PRICE_NULL
12-04-2025,0,104,15,P_007,108949,04-12-2025,15,0,P_007,Product 007,Clothing,BrandD,133.42,217.47,104,Store 104,Bengaluru,KA,QUANTITY_ZERO
12/28/2025,1,,5,P_029,108967,28-12-2025,5,1,P_029,Product 029,Home,BrandB,316.8,425.97,,,,,STORE_ID_NULL
12/21/2025,1,,0,P_031,108972,21-12-2025,0,1,P_031,Product 031,Clothing,BrandD,69.33,125.63,,,,,STORE_ID_NULL
12/21/2025,1,,0,P_031,108972,21-12-2025,0,1,P_031,Product 031,Clothing,BrandD,69.33,125.63,,,,,STORE_ID_NULL
12-07-2025,2,101,0,,108993,07-12-2025,0,2,,,,,,,101,Store 101,Noida,UP,UNIT_PRICE_NULL
12/30/2025,0,106,0,P_045,109032,30-12-2025,0,0,P_045,Product 045,Grocery,BrandA,68.92,109.5,106,Store 106,Pune,MH,QUANTITY_ZERO
12/13/2025,1,108,5,,109039,13-12-2025,5,1,,,,,,,108,Store 108,Chennai,TN,UNIT_PRICE_NULL
12-08-2025,0,106,20,P_014,109044,08-12-2025,20,0,P_014,Product 014,Grocery,BrandD,191.33,306.92,106,Store 106,Pune,MH,QUANTITY_ZERO
12/14/2025,0,105,15,P_021,109068,14-12-2025,15,0,P_021,Product 021,Grocery,BrandD,112.23,191.7,105,Store 105,Hyderabad,TS,QUANTITY_ZERO
2026/13/40,3,104,5,P_044,109070,,5,3,P_044,Product 044,Grocery,BrandD,145.03,274.52,104,Store 104,Bengaluru,KA,INVALID_DATE
12/17/2025,3,108,0,,109072,17-12-2025,0,3,,,,,,,108,Store 108,Chennai,TN,UNIT_PRICE_NULL
12-10-2025,4,107,10,,109074,10-12-2025,10,4,,,,,,,107,Store 107,Mumbai,MH,UNIT_PRICE_NULL
12/21/2025,3,,0,P_010,109084,21-12-2025,0,3,P_010,Product 010,Sports,BrandB,13.81,16.9,,,,,STORE_ID_NULL
12-07-2025,1,,5,P_019,109109,07-12-2025,5,1,P_019,Product 019,Electronics,BrandB,170.91,230.23,,,,,STORE_ID_NULL
12/31/2025,4,108,20,,109120,31-12-2025,20,4,,,,,,,108,Store 108,Chennai,TN,UNIT_PRICE_NULL
2026/13/40,4,108,20,P_032,109126,,20,4,P_032,Product 032,Home,BrandB,115.04,135.47,108,Store 108,Chennai,TN,INVALID_DATE
2026/13/40,3,107,0,P_049,109177,,0,3,P_049,Product 049,Grocery,BrandD,372.65,441.43,107,Store 107,Mumbai,MH,INVALID_DATE
2026/13/40,2,101,5,P_047,109183,,5,2,P_047,Product 047,Grocery,BrandC,237.02,303.44,101,Store 101,Noida,UP,INVALID_DATE
12-04-2025,0,104,10,P_010,109187,04-12-2025,10,0,P_010,Product 010,Sports,BrandB,13.81,16.9,104,Store 104,Bengaluru,KA,QUANTITY_ZERO
12-02-2025,3,104,150,P_031,109194,02-12-2025,150,3,P_031,Product 031,Clothing,BrandD,69.33,125.63,104,Store 104,Bengaluru,KA,INVALID_DISCOUNT
12/25/2025,0,101,15,P_013,109213,25-12-2025,15,0,P_013,Product 013,Sports,BrandB,198.67,397.19,101,Store 101,Noida,UP,QUANTITY_ZERO
12-03-2025,1,,15,P_024,109223,03-12-2025,15,1,P_024,Product 024,Electronics,BrandC,208.42,299.74,,,,,STORE_ID_NULL
12-04-2025,0,104,0,P_040,109236,04-12-2025,0,0,P_040,Product 040,Grocery,BrandA,196.15,286.01,104,Store 104,Bengaluru,KA,QUANTITY_ZERO
12/23/2025,1,,20,P_029,109250,23-12-2025,20,1,P_029,Product 029,Home,BrandB,316.8,425.97,,,,,STORE_ID_NULL
12/26/2025,5,108,15,,109258,26-12-2025,15,5,,,,,,,108,Store 108,Chennai,TN,UNIT_PRICE_NULL
12-07-2025,1,,5,P_018,109291,07-12-2025,5,1,P_018,Product 018,Sports,BrandB,285.64,426.52,,,,,STORE_ID_NULL
12/16/2025,1,108,10,,109316,16-12-2025,10,1,,,,,,,108,Store 108,Chennai,TN,UNIT_PRICE_NULL
1/16/2026,0,106,15,P_028,109328,16-01-2026,15,0,P_028,Product 028,Grocery,BrandB,285.08,486.14,106,Store 106,Pune,MH,QUANTITY_ZERO
1/20/2026,2,,0,P_029,109344,20-01-2026,0,2,P_029,Product 029,Home,BrandB,316.8,425.97,,,,,STORE_ID_NULL
1/20/2026,2,,0,P_029,109344,20-01-2026,0,2,P_029,Product 029,Home,BrandB,316.8,425.97,,,,,STORE_ID_NULL
1/28/2026,1,103,10,,109372,28-01-2026,10,1,,,,,,,103,Store 103,Delhi,DL,UNIT_PRICE_NULL
2026/13/40,3,103,20,P_047,109373,,20,3,P_047,Product 047,Grocery,BrandC,237.02,303.44,103,Store 103,Delhi,DL,INVALID_DATE
1/13/2026,4,106,5,,109377,13-01-2026,5,4,,,,,,,106,Store 106,Pune,MH,UNIT_PRICE_NULL
01-01-2026,4,103,150,P_044,109386,01-01-2026,150,4,P_044,Product 044,Grocery,BrandD,145.03,274.52,103,Store 103,Delhi,DL,INVALID_DISCOUNT
1/16/2026,1,104,0,,109423,16-01-2026,0,1,,,,,,,104,Store 104,Bengaluru,KA,UNIT_PRICE_NULL
2026/13/40,1,102,5,P_039,109423,,5,1,P_039,Product 039,Electronics,BrandD,179.34,242.93,102,Store 102,Gurugram,HR,INVALID_DATE
1/21/2026,0,106,20,P_023,109424,21-01-2026,20,0,P_023,Product 023,Home,BrandA,193.9,336.3,106,Store 106,Pune,MH,QUANTITY_ZERO
1/25/2026,0,108,5,P_025,109433,25-01-2026,5,0,P_025,Product 025,Electronics,BrandB,92.74,144.61,108,Store 108,Chennai,TN,QUANTITY_ZERO
1/15/2026,2,,5,P_008,109439,15-01-2026,5,2,P_008,Product 008,Clothing,BrandC,110.44,203.49,,,,,STORE_ID_NULL
2026/13/40,5,106,15,P_012,109463,,15,5,P_012,Product 012,Clothing,BrandD,260.56,358.56,106,Store 106,Pune,MH,INVALID_DATE
1/13/2026,5,108,10,,109469,13-01-2026,10,5,,,,,,,108,Store 108,Chennai,TN,UNIT_PRICE_NULL
1/17/2026,5,101,15,,109492,17-01-2026,15,5,,,,,,,101,Store 101,Noida,UP,UNIT_PRICE_NULL
01-09-2026,4,107,150,P_025,109530,09-01-2026,150,4,P_025,Product 025,Electronics,BrandB,92.74,144.61,107,Store 107,Mumbai,MH,INVALID_DISCOUNT
1/16/2026,4,105,0,,109560,16-01-2026,0,4,,,,,,,105,Store 105,Hyderabad,TS,UNIT_PRICE_NULL
1/31/2026,4,103,10,,109569,31-01-2026,10,4,,,,,,,103,Store 103,Delhi,DL,UNIT_PRICE_NULL
01-02-2026,0,107,10,P_016,109572,02-01-2026,10,0,P_016,Product 016,Grocery,BrandB,183.48,329.03,107,Store 107,Mumbai,MH,QUANTITY_ZERO
2026/13/40,4,101,20,P_007,109623,,20,4,P_007,Product 007,Clothing,BrandD,133.42,217.47,101,Store 101,Noida,UP,INVALID_DATE
1/29/2026,3,101,20,,109644,29-01-2026,20,3,,,,,,,101,Store 101,Noida,UP,UNIT_PRICE_NULL
1/26/2026,0,108,10,P_031,109651,26-01-2026,10,0,P_031,Product 031,Clothing,BrandD,69.33,125.63,108,Store 108,Chennai,TN,QUANTITY_ZERO
1/26/2026,0,108,10,P_031,109651,26-01-2026,10,0,P_031,Product 031,Clothing,BrandD,69.33,125.63,108,Store 108,Chennai,TN,QUANTITY_ZERO
1/13/2026,5,102,150,P_018,109655,13-01-2026,150,5,P_018,Product 018,Sports,BrandB,285.64,426.52,102,Store 102,Gurugram,HR,INVALID_DISCOUNT
2026/13/40,3,101,5,P_005,109672,,5,3,P_005,Product 005,Sports,BrandD,58.75,90.98,101,Store 101,Noida,UP,INVALID_DATE
01-11-2026,5,102,20,,109676,11-01-2026,20,5,,,,,,,102,Store 102,Gurugram,HR,UNIT_PRICE_NULL
01-11-2026,5,102,20,,109676,11-01-2026,20,5,,,,,,,102,Store 102,Gurugram,HR,UNIT_PRICE_NULL
02-06-2026,1,101,5,,109681,06-02-2026,5,1,,,,,,,101,Store 101,Noida,UP,UNIT_PRICE_NULL
2/26/2026,0,105,5,P_012,109696,26-02-2026,5,0,P_012,Product 012,Clothing,BrandD,260.56,358.56,105,Store 105,Hyderabad,TS,QUANTITY_ZERO
2026/13/40,5,103,5,P_016,109698,,5,5,P_016,Product 016,Grocery,BrandB,183.48,329.03,103,Store 103,Delhi,DL,INVALID_DATE
2/17/2026,1,103,0,,109706,17-02-2026,0,1,,,,,,,103,Store 103,Delhi,DL,UNIT_PRICE_NULL
02-10-2026,4,108,5,,109709,10-02-2026,5,4,,,,,,,108,Store 108,Chennai,TN,UNIT_PRICE_NULL
2/15/2026,3,106,20,,109721,15-02-2026,20,3,,,,,,,106,Store 106,Pune,MH,UNIT_PRICE_NULL
2026/13/40,4,101,0,P_004,109725,,0,4,P_004,Product 004,Sports,BrandC,89.45,155.17,101,Store 101,Noida,UP,INVALID_DATE
2026/13/40,4,101,0,P_004,109725,,0,4,P_004,Product 004,Sports,BrandC,89.45,155.17,101,Store 101,Noida,UP,INVALID_DATE
2/27/2026,5,101,0,,109726,27-02-2026,0,5,,,,,,,101,Store 101,Noida,UP,UNIT_PRICE_NULL
2/22/2026,2,108,15,,109740,22-02-2026,15,2,,,,,,,108,Store 108,Chennai,TN,UNIT_PRICE_NULL
2026/13/40,5,107,20,P_039,109746,,20,5,P_039,Product 039,Electronics,BrandD,179.34,242.93,107,Store 107,Mumbai,MH,INVALID_DATE
2026/13/40,5,104,5,P_027,109750,,5,5,P_027,Product 027,Clothing,BrandD,116.38,197.63,104,Store 104,Bengaluru,KA,INVALID_DATE
02-05-2026,0,104,5,P_006,109760,05-02-2026,5,0,P_006,Product 006,Grocery,BrandA,14.29,17.66,104,Store 104,Bengaluru,KA,QUANTITY_ZERO
2/22/2026,2,,0,P_001,109803,22-02-2026,0,2,P_001,Product 001,Home,BrandD,291.46,482.98,,,,,STORE_ID_NULL
2026/13/40,2,107,20,P_013,109809,,20,2,P_013,Product 013,Sports,BrandB,198.67,397.19,107,Store 107,Mumbai,MH,INVALID_DATE
02-04-2026,1,107,5,,109811,04-02-2026,5,1,,,,,,,107,Store 107,Mumbai,MH,UNIT_PRICE_NULL
2/15/2026,3,103,5,,109819,15-02-2026,5,3,,,,,,,103,Store 103,Delhi,DL,UNIT_PRICE_NULL
2026/13/40,4,101,0,P_029,109822,,0,4,P_029,Product 029,Home,BrandB,316.8,425.97,101,Store 101,Noida,UP,INVALID_DATE
02-09-2026,1,103,5,,109905,09-02-2026,5,1,,,,,,,103,Store 103,Delhi,DL,UNIT_PRICE_NULL
02-09-2026,1,103,5,,109905,09-02-2026,5,1,,,,,,,103,Store 103,Delhi,DL,UNIT_PRICE_NULL
2/27/2026,3,103,5,,109925,27-02-2026,5,3,,,,,,,103,Store 103,Delhi,DL,UNIT_PRICE_NULL
02-07-2026,0,105,15,P_002,109929,07-02-2026,15,0,P_002,Product 002,Sports,BrandC,165.08,307.45,105,Store 105,Hyderabad,TS,QUANTITY_ZERO
2/26/2026,1,105,10,,109930,26-02-2026,10,1,,,,,,,105,Store 105,Hyderabad,TS,UNIT_PRICE_NULL
02-05-2026,4,108,10,,109934,05-02-2026,10,4,,,,,,,108,Store 108,Chennai,TN,UNIT_PRICE_NULL
02-09-2026,4,106,15,,109939,09-02-2026,15,4,,,,,,,106,Store 106,Pune,MH,UNIT_PRICE_NULL
02-06-2026,0,101,15,P_003,109941,06-02-2026,15,0,P_003,Product 003,Clothing,BrandD,95.83,145.24,101,Store 101,Noida,UP,QUANTITY_ZERO
02-06-2026,1,106,20,,109941,06-02-2026,20,1,,,,,,,106,Store 106,Pune,MH,UNIT_PRICE_NULL
02-05-2026,3,106,150,P_029,109947,05-02-2026,150,3,P_029,Product 029,Home,BrandB,316.8,425.97,106,Store 106,Pune,MH,INVALID_DISCOUNT
2026/13/40,5,104,0,P_013,109970,,0,5,P_013,Product 013,Sports,BrandB,198.67,397.19,104,Store 104,Bengaluru,KA,INVALID_DATE
2/16/2026,4,102,10,,109972,16-02-2026,10,4,,,,,,,102,Store 102,Gurugram,HR,UNIT_PRICE_NULL
02-05-2026,3,106,20,,109979,05-02-2026,20,3,,,,,,,106,Store 106,Pune,MH,UNIT_PRICE_NULL
2026/13/40,4,105,0,P_029,109979,,0,4,P_029,Product 029,Home,BrandB,316.8,425.97,105,Store 105,Hyderabad,TS,INVALID_DATE
02-05-2026,3,106,20,,109979,05-02-2026,20,3,,,,,,,106,Store 106,Pune,MH,UNIT_PRICE_NULL
02-09-2026,4,105,5,,110000,09-02-2026,5,4,,,,,,,105,Store 105,Hyderabad,TS,UNIT_PRICE_NULL
2026/13/40,4,103,5,P_011,110051,,5,4,P_011,Product 011,Home,BrandA,63.95,107.43,103,Store 103,Delhi,DL,INVALID_DATE
2/23/2026,4,,20,P_046,110058,23-02-2026,20,4,P_046,Product 046,Electronics,BrandB,276,472,,,,,STORE_ID_NULL
2/23/2026,4,,0,P_039,110078,23-02-2026,0,4,P_039,Product 039,Electronics,BrandD,179.34,242.93,,,,,STORE_ID_NULL
02-11-2026,5,105,150,P_048,110115,11-02-2026,150,5,P_048,Product 048,Sports,BrandA,232.9,350.44,105,Store 105,Hyderabad,TS,INVALID_DISCOUNT
02-06-2026,2,107,10,,110125,06-02-2026,10,2,,,,,,,107,Store 107,Mumbai,MH,UNIT_PRICE_NULL
2/16/2026,3,108,15,,110127,16-02-2026,15,3,,,,,,,108,Store 108,Chennai,TN,UNIT_PRICE_NULL
02-04-2026,4,106,5,,110128,04-02-2026,5,4,,,,,,,106,Store 106,Pune,MH,UNIT_PRICE_NULL
02-07-2026,3,,10,P_040,110166,07-02-2026,10,3,P_040,Product 040,Grocery,BrandA,196.15,286.01,,,,,STORE_ID_NULL
3/30/2026,0,106,0,P_029,110178,30-03-2026,0,0,P_029,Product 029,Home,BrandB,316.8,425.97,106,Store 106,Pune,MH,QUANTITY_ZERO
3/30/2026,0,103,20,P_024,110195,30-03-2026,20,0,P_024,Product 024,Electronics,BrandC,208.42,299.74,103,Store 103,Delhi,DL,QUANTITY_ZERO
3/22/2026,5,108,20,,110202,22-03-2026,20,5,,,,,,,108,Store 108,Chennai,TN,UNIT_PRICE_NULL
03-04-2026,4,104,150,P_027,110209,04-03-2026,150,4,P_027,Product 027,Clothing,BrandD,116.38,197.63,104,Store 104,Bengaluru,KA,INVALID_DISCOUNT
03-12-2026,0,103,5,P_008,110233,12-03-2026,5,0,P_008,Product 008,Clothing,BrandC,110.44,203.49,103,Store 103,Delhi,DL,QUANTITY_ZERO
3/21/2026,2,107,150,P_012,110263,21-03-2026,150,2,P_012,Product 012,Clothing,BrandD,260.56,358.56,107,Store 107,Mumbai,MH,INVALID_DISCOUNT
3/20/2026,4,108,150,P_036,110271,20-03-2026,150,4,P_036,Product 036,Sports,BrandD,115.24,225.27,108,Store 108,Chennai,TN,INVALID_DISCOUNT
03-08-2026,2,101,15,,110272,08-03-2026,15,2,,,,,,,101,Store 101,Noida,UP,UNIT_PRICE_NULL
03-08-2026,2,101,15,,110272,08-03-2026,15,2,,,,,,,101,Store 101,Noida,UP,UNIT_PRICE_NULL
3/23/2026,0,105,10,P_016,110279,23-03-2026,10,0,P_016,Product 016,Grocery,BrandB,183.48,329.03,105,Store 105,Hyderabad,TS,QUANTITY_ZERO
2026/13/40,4,105,20,P_020,110280,,20,4,P_020,Product 020,Home,BrandB,33.73,56.75,105,Store 105,Hyderabad,TS,INVALID_DATE
3/13/2026,2,105,10,,110310,13-03-2026,10,2,,,,,,,105,Store 105,Hyderabad,TS,UNIT_PRICE_NULL
2026/13/40,4,108,5,P_032,110327,,5,4,P_032,Product 032,Home,BrandB,115.04,135.47,108,Store 108,Chennai,TN,INVALID_DATE
03-09-2026,3,108,0,,110338,09-03-2026,0,3,,,,,,,108,Store 108,Chennai,TN,UNIT_PRICE_NULL
03-09-2026,5,103,150,P_008,110338,09-03-2026,150,5,P_008,Product 008,Clothing,BrandC,110.44,203.49,103,Store 103,Delhi,DL,INVALID_DISCOUNT
03-09-2026,1,107,0,,110345,09-03-2026,0,1,,,,,,,107,Store 107,Mumbai,MH,UNIT_PRICE_NULL
2026/13/40,2,107,15,P_032,110367,,15,2,P_032,Product 032,Home,BrandB,115.04,135.47,107,Store 107,Mumbai,MH,INVALID_DATE
03-07-2026,4,104,150,P_049,110394,07-03-2026,150,4,P_049,Product 049,Grocery,BrandD,372.65,441.43,104,Store 104,Bengaluru,KA,INVALID_DISCOUNT
3/30/2026,5,103,20,,110400,30-03-2026,20,5,,,,,,,103,Store 103,Delhi,DL,UNIT_PRICE_NULL
03-04-2026,2,108,10,,110436,04-03-2026,10,2,,,,,,,108,Store 108,Chennai,TN,UNIT_PRICE_NULL
3/28/2026,0,105,5,P_024,110453,28-03-2026,5,0,P_024,Product 024,Electronics,BrandC,208.42,299.74,105,Store 105,Hyderabad,TS,QUANTITY_ZERO
03-10-2026,5,103,150,P_005,110461,10-03-2026,150,5,P_005,Product 005,Sports,BrandD,58.75,90.98,103,Store 103,Delhi,DL,INVALID_DISCOUNT
3/23/2026,1,106,5,,110490,23-03-2026,5,1,,,,,,,106,Store 106,Pune,MH,UNIT_PRICE_NULL
2026/13/40,2,103,15,P_027,110490,,15,2,P_027,Product 027,Clothing,BrandD,116.38,197.63,103,Store 103,Delhi,DL,INVALID_DATE
03-08-2026,5,108,5,,110505,08-03-2026,5,5,,,,,,,108,Store 108,Chennai,TN,UNIT_PRICE_NULL
3/28/2026,5,108,150,P_010,110564,28-03-2026,150,5,P_010,Product 010,Sports,BrandB,13.81,16.9,108,Store 108,Chennai,TN,INVALID_DISCOUNT
3/25/2026,4,105,150,P_028,110567,25-03-2026,150,4,P_028,Product 028,Grocery,BrandB,285.08,486.14,105,Store 105,Hyderabad,TS,INVALID_DISCOUNT
3/27/2026,0,106,15,P_007,110602,27-03-2026,15,0,P_007,Product 007,Clothing,BrandD,133.42,217.47,106,Store 106,Pune,MH,QUANTITY_ZERO
03-10-2026,1,102,0,,110603,10-03-2026,0,1,,,,,,,102,Store 102,Gurugram,HR,UNIT_PRICE_NULL
